snapshot_date,floor_sol,listed_count,source
2022-02-25,1.44,2176,tensor_history
2022-02-26,1.39,2058,tensor_history
2022-02-27,1.24,1951,tensor_history
2022-02-28,1.19,1855,tensor_history
2022-03-01,1.2,1721,tensor_history
2022-03-02,1.495,1511,tensor_history
2022-03-03,1.4,1407,tensor_history
2022-03-04,1.37,1443,tensor_history
2022-03-05,1.3,1325,tensor_history
2022-03-06,1.3,1329,tensor_history
2022-03-07,1.27,1310,tensor_history
2022-03-08,1.22,1323,tensor_history
2022-03-09,1.15,1319,tensor_history
2022-03-10,1.19,1256,tensor_history
2022-03-11,1.17,1218,tensor_history
2022-03-12,1.1,1211,tensor_history
2022-03-13,1.15,1241,tensor_history
2022-03-14,1.11,1230,tensor_history
2022-03-15,1.15,1226,tensor_history
2022-03-16,1.05,1223,tensor_history
2022-03-17,1,1233,tensor_history
2022-03-18,1.05,1189,tensor_history
2022-03-19,1.07,1171,tensor_history
2022-03-20,1,1197,tensor_history
2022-03-21,1.25,1105,tensor_history
2022-03-22,1.15,1103,tensor_history
2022-03-23,1.2,1084,tensor_history
2022-03-24,1.2,1088,tensor_history
2022-03-25,1.14,1096,tensor_history
2022-03-26,1.1,1122,tensor_history
2022-03-27,1,1120,tensor_history
2022-03-28,1.09,1116,tensor_history
2022-03-29,1.1,1103,tensor_history
2022-03-30,1.04,1117,tensor_history
2022-03-31,0.97,1144,tensor_history
2022-04-01,1.16,1056,tensor_history
2022-04-02,0.97,1080,tensor_history
2022-04-03,1,1069,tensor_history
2022-04-04,1.2,1006,tensor_history
2022-04-05,1.29,927,tensor_history
2022-04-06,1.43,862,tensor_history
2022-04-07,1.29,891,tensor_history
2022-04-08,1.265,923,tensor_history
2022-04-09,1.2,927,tensor_history
2022-04-10,1.16,943,tensor_history
2022-04-11,1.12,926,tensor_history
2022-04-12,1.2,924,tensor_history
2022-04-13,1.11,927,tensor_history
2022-04-14,1.35,884,tensor_history
2022-04-15,1.38,890,tensor_history
2022-04-16,1.22,896,tensor_history
2022-04-17,1.3,883,tensor_history
2022-04-18,1.34,832,tensor_history
2022-04-19,1.39,850,tensor_history
2022-04-20,1.4,846,tensor_history
2022-04-21,1.33,866,tensor_history
2022-04-22,1.299,868,tensor_history
2022-04-23,1.24,881,tensor_history
2022-04-24,1.15,876,tensor_history
2022-04-25,1.2,873,tensor_history
2022-04-26,1.24,861,tensor_history
2022-04-27,1.35,838,tensor_history
2022-04-28,1.4,824,tensor_history
2022-04-29,1.28,840,tensor_history
2022-04-30,1.385,834,tensor_history
2022-05-01,1.29,844,tensor_history
2022-05-02,1.2489,860,tensor_history
2022-05-03,1.2,838,tensor_history
2022-05-04,1.35,816,tensor_history
2022-05-05,1.48,761,tensor_history
2022-05-06,1.35,814,tensor_history
2022-05-07,1.35,792,tensor_history
2022-05-08,1.5,756,tensor_history
2022-05-09,1.4,769,tensor_history
2022-05-10,1.4,784,tensor_history
2022-05-11,1.25,782,tensor_history
2022-05-12,1.29,753,tensor_history
2022-05-13,1.6,720,tensor_history
2022-05-14,1.45,725,tensor_history
2022-05-15,1.43,729,tensor_history
2022-05-16,1.3,739,tensor_history
2022-05-17,1.39,746,tensor_history
2022-05-18,1.3,741,tensor_history
2022-05-19,1.29,755,tensor_history
2022-05-20,1.29,773,tensor_history
2022-05-21,1.28,771,tensor_history
2022-05-22,1.4,776,tensor_history
2022-05-23,1.34,765,tensor_history
2022-05-24,1.3,760,tensor_history
2022-05-25,1.37,753,tensor_history
2022-05-26,1.24,753,tensor_history
2022-05-27,1.19,766,tensor_history
2022-05-28,1.24,767,tensor_history
2022-05-29,1.2,791,tensor_history
2022-05-30,1.24,787,tensor_history
2022-05-31,1.23,816,tensor_history
2022-06-01,1.47,722,tensor_history
2022-06-02,1.41,678,tensor_history
2022-06-03,1.25,672,tensor_history
2022-06-04,1.37,665,tensor_history
2022-06-05,1.33,660,tensor_history
2022-06-06,1.25,606,tensor_history
2022-06-07,1.2,603,tensor_history
2022-06-08,1.28,586,tensor_history
2022-06-09,1.249,572,tensor_history
2022-06-10,1.24,572,tensor_history
2022-06-11,1.3,554,tensor_history
2022-06-12,1.45,508,tensor_history
2022-06-13,1.45,488,tensor_history
2022-06-14,1.4,485,tensor_history
2022-06-15,1.39,485,tensor_history
2022-06-16,1.85,366,tensor_history
2022-06-17,1.62,395,tensor_history
2022-06-18,1.45,438,tensor_history
2022-06-19,1.5,441,tensor_history
2022-06-20,1.496,453,tensor_history
2022-06-21,1.479,448,tensor_history
2022-06-22,1.4,455,tensor_history
2022-06-23,1.4,461,tensor_history
2022-06-24,1.38,467,tensor_history
2022-06-25,1.45,455,tensor_history
2022-06-26,1.4,454,tensor_history
2022-06-27,1.25,461,tensor_history
2022-06-28,1.25,463,tensor_history
2022-06-29,1.25,463,tensor_history
2022-06-30,1.25,471,tensor_history
2022-07-01,1.2,494,tensor_history
2022-07-02,1.15,485,tensor_history
2022-07-03,1.27,459,tensor_history
2022-07-04,1.15,481,tensor_history
2022-07-05,0.925,465,tensor_history
2022-07-06,1.15,467,tensor_history
2022-07-07,1.09,466,tensor_history
2022-07-08,1.25,466,tensor_history
2022-07-09,1.35,462,tensor_history
2022-07-10,1.399,463,tensor_history
2022-07-11,1.35,466,tensor_history
2022-07-12,1.33,494,tensor_history
2022-07-13,1.2,477,tensor_history
2022-07-14,1.22,479,tensor_history
2022-07-15,1.2,490,tensor_history
2022-07-16,1.17,488,tensor_history
2022-07-17,1.4,473,tensor_history
2022-07-18,1.34,477,tensor_history
2022-07-19,1.24,492,tensor_history
2022-07-20,1.1,496,tensor_history
2022-07-21,1.04,485,tensor_history
2022-07-22,1.1,495,tensor_history
2022-07-23,1.1,509,tensor_history
2022-07-24,1.07,521,tensor_history
2022-07-25,0.93,516,tensor_history
2022-07-26,1.04,505,tensor_history
2022-07-27,1.04,509,tensor_history
2022-07-28,1.02,518,tensor_history
2022-07-29,1,527,tensor_history
2022-07-30,0.9,544,tensor_history
2022-07-31,0.96,541,tensor_history
2022-08-01,0.94,558,tensor_history
2022-08-02,0.88,565,tensor_history
2022-08-03,0.83,574,tensor_history
2022-08-04,0.75,566,tensor_history
2022-08-05,0.72,574,tensor_history
2022-08-06,0.73,569,tensor_history
2022-08-07,0.73,571,tensor_history
2022-08-08,0.68,556,tensor_history
2022-08-09,0.7,543,tensor_history
2022-08-10,0.7,536,tensor_history
2022-08-11,0.7,539,tensor_history
2022-08-12,0.59,535,tensor_history
2022-08-13,0.69,528,tensor_history
2022-08-14,0.67,541,tensor_history
2022-08-15,0.66,538,tensor_history
2022-08-16,0.64,554,tensor_history
2022-08-17,0.64,543,tensor_history
2022-08-18,0.629,548,tensor_history
2022-08-19,0.6,534,tensor_history
2022-08-20,0.6,527,tensor_history
2022-08-21,0.6,525,tensor_history
2022-08-22,0.7,518,tensor_history
2022-08-23,0.799,512,tensor_history
2022-08-24,0.85,500,tensor_history
2022-08-25,0.75,498,tensor_history
2022-08-26,0.85,498,tensor_history
2022-08-27,0.85,495,tensor_history
2022-08-28,0.84,488,tensor_history
2022-08-29,0.82,494,tensor_history
2022-08-30,0.79,495,tensor_history
2022-08-31,0.79,514,tensor_history
2022-09-01,0.79,519,tensor_history
2022-09-02,0.79,516,tensor_history
2022-09-03,0.76,513,tensor_history
2022-09-04,0.79,508,tensor_history
2022-09-05,0.789,511,tensor_history
2022-09-06,0.83,512,tensor_history
2022-09-07,0.82,512,tensor_history
2022-09-08,0.79,519,tensor_history
2022-09-09,0.78,529,tensor_history
2022-09-10,0.74,540,tensor_history
2022-09-11,0.7,544,tensor_history
2022-09-12,0.74,549,tensor_history
2022-09-13,0.74,547,tensor_history
2022-09-14,0.7399,568,tensor_history
2022-09-15,0.74,560,tensor_history
2022-09-16,0.725,568,tensor_history
2022-09-17,0.74,546,tensor_history
2022-09-18,0.74,550,tensor_history
2022-09-19,0.74,540,tensor_history
2022-09-20,0.74,535,tensor_history
2022-09-21,0.74,527,tensor_history
2022-09-22,0.97,462,tensor_history
2022-09-23,1,473,tensor_history
2022-09-24,0.95,482,tensor_history
2022-09-25,0.95,478,tensor_history
2022-09-26,0.999,467,tensor_history
2022-09-27,0.9,472,tensor_history
2022-09-28,0.88,473,tensor_history
2022-09-29,0.879,477,tensor_history
2022-09-30,0.875,479,tensor_history
2022-10-01,0.84,483,tensor_history
2022-10-02,0.75,476,tensor_history
2022-10-03,0.79,478,tensor_history
2022-10-04,0.75,469,tensor_history
2022-10-05,0.69,465,tensor_history
2022-10-06,0.8,463,tensor_history
2022-10-07,0.83,465,tensor_history
2022-10-08,0.83,460,tensor_history
2022-10-09,0.87,465,tensor_history
2022-10-10,0.8,472,tensor_history
2022-10-11,0.76,485,tensor_history
2022-10-12,0.78,484,tensor_history
2022-10-13,0.78,480,tensor_history
2022-10-14,0.77,481,tensor_history
2022-10-15,0.77,479,tensor_history
2022-10-16,0.77,477,tensor_history
2022-10-17,0.73,456,tensor_history
2022-10-18,0.73,455,tensor_history
2022-10-19,0.65,463,tensor_history
2022-10-20,0.77,457,tensor_history
2022-10-21,0.76,451,tensor_history
2022-10-22,0.7,441,tensor_history
2022-10-23,0.74,447,tensor_history
2022-10-24,0.719,449,tensor_history
2022-10-25,0.7,451,tensor_history
2022-10-26,0.68,452,tensor_history
2022-10-27,0.7,444,tensor_history
2022-10-28,0.67,441,tensor_history
2022-10-29,0.65,447,tensor_history
2022-10-30,0.7,442,tensor_history
2022-10-31,0.7,445,tensor_history
2022-11-01,0.65,443,tensor_history
2022-11-02,0.68,449,tensor_history
2022-11-03,0.68,445,tensor_history
2022-11-04,0.68,454,tensor_history
2022-11-05,0.65,451,tensor_history
2022-11-06,0.6,455,tensor_history
2022-11-07,0.69,429,tensor_history
2022-11-08,0.69,413,tensor_history
2022-11-09,1,388,tensor_history
2022-11-10,0.99,385,tensor_history
2022-11-11,0.89,397,tensor_history
2022-11-12,0.95,381,tensor_history
2022-11-13,1.4,342,tensor_history
2022-11-14,1.4,339,tensor_history
2022-11-15,1.399,334,tensor_history
2022-11-16,1.8,270,tensor_history
2022-11-17,1.6,291,tensor_history
2022-11-18,1.3,310,tensor_history
2022-11-19,1.1,305,tensor_history
2022-11-20,1.216,289,tensor_history
2022-11-21,1.6,270,tensor_history
2022-11-22,1.57,317,tensor_history
2022-11-23,1.3,324,tensor_history
2022-11-24,1.4,318,tensor_history
2022-11-25,1.4,317,tensor_history
2022-11-26,1.3,327,tensor_history
2022-11-27,1.2,330,tensor_history
2022-11-28,1.2,324,tensor_history
2022-11-29,1.23,314,tensor_history
2022-11-30,1.25,313,tensor_history
2022-12-01,1.2,312,tensor_history
2022-12-02,1.25,317,tensor_history
2022-12-03,1.25,314,tensor_history
2022-12-04,1.4,332,tensor_history
2022-12-05,1.38,340,tensor_history
2022-12-06,1.2,335,tensor_history
2022-12-07,1.15,325,tensor_history
2022-12-08,1.17,322,tensor_history
2022-12-09,1.35,323,tensor_history
2022-12-10,1.32,324,tensor_history
2022-12-11,1.5,306,tensor_history
2022-12-12,1.45,314,tensor_history
2022-12-13,1.35,337,tensor_history
2022-12-14,1.25,334,tensor_history
2022-12-15,1.159,331,tensor_history
2022-12-16,1.159,328,tensor_history
2022-12-17,1.05,330,tensor_history
2022-12-18,1.4,321,tensor_history
2022-12-19,1.4,319,tensor_history
2022-12-20,1.3,337,tensor_history
2022-12-21,1.39,331,tensor_history
2022-12-22,1.35,342,tensor_history
2022-12-23,1.35,343,tensor_history
2022-12-24,1.29,339,tensor_history
2022-12-25,1.27,336,tensor_history
2022-12-26,1.33,340,tensor_history
2022-12-27,1.15,351,tensor_history
2022-12-28,1.25,345,tensor_history
2022-12-29,1.3,344,tensor_history
2022-12-30,1.42,327,tensor_history
2022-12-31,1.3,330,tensor_history
2023-01-01,1.4,320,tensor_history
2023-01-02,1.74,293,tensor_history
2023-01-03,1.748,292,tensor_history
2023-01-04,1.9,264,tensor_history
2023-01-05,1.95,268,tensor_history
2023-01-06,1.91,272,tensor_history
2023-01-07,1.8,303,tensor_history
2023-01-08,1.9,301,tensor_history
2023-01-09,1.88,302,tensor_history
2023-01-10,1.83,302,tensor_history
2023-01-11,1.73,310,tensor_history
2023-01-12,1.61,305,tensor_history
2023-01-13,1.43,305,tensor_history
2023-01-14,1.12,318,tensor_history
2023-01-15,1.44,300,tensor_history
2023-01-16,1.29,302,tensor_history
2023-01-17,1.3,304,tensor_history
2023-01-18,1.29,306,tensor_history
2023-01-19,1.28,317,tensor_history
2023-01-20,1.2,318,tensor_history
2023-01-21,1.05,321,tensor_history
2023-01-22,1.03,325,tensor_history
2023-01-23,0.88,327,tensor_history
2023-01-24,1.08,311,tensor_history
2023-01-25,1.08,309,tensor_history
2023-01-26,0.99,315,tensor_history
2023-01-27,0.99,317,tensor_history
2023-01-28,0.99,324,tensor_history
2023-01-29,0.88,318,tensor_history
2023-01-30,0.88,319,tensor_history
2023-01-31,0.88,319,tensor_history
2023-02-01,0.85,321,tensor_history
2023-02-02,0.696,336,tensor_history
2023-02-03,0.85,327,tensor_history
2023-02-04,0.85,331,tensor_history
2023-02-05,0.84,326,tensor_history
2023-02-06,0.84,331,tensor_history
2023-02-07,0.84,330,tensor_history
2023-02-08,0.84,330,tensor_history
2023-02-09,0.9,312,tensor_history
2023-02-10,1,315,tensor_history
2023-02-11,1,314,tensor_history
2023-02-12,1,317,tensor_history
2023-02-13,1,314,tensor_history
2023-02-14,1.2,299,tensor_history
2023-02-15,1.2,301,tensor_history
2023-02-16,1.23,301,tensor_history
2023-02-17,1.23,304,tensor_history
2023-02-18,1.4,302,tensor_history
2023-02-19,1.35,307,tensor_history
2023-02-20,1.35,306,tensor_history
2023-02-21,1.339,312,tensor_history
2023-02-22,1.339,327,tensor_history
2023-02-23,1.33,330,tensor_history
2023-02-24,1.3,336,tensor_history
2023-02-25,1.3,332,tensor_history
2023-02-26,1.28,337,tensor_history
2023-02-27,1.1,346,tensor_history
2023-02-28,1.15,344,tensor_history
2023-03-01,1.15,336,tensor_history
2023-03-02,1.15,334,tensor_history
2023-03-03,1.15,332,tensor_history
2023-03-04,1.15,337,tensor_history
2023-03-05,1.18,323,tensor_history
2023-03-06,1.169,329,tensor_history
2023-03-07,1.14,328,tensor_history
2023-03-08,0.99,346,tensor_history
2023-03-09,0.98,328,tensor_history
2023-03-10,1.16,327,tensor_history
2023-03-11,1.13,327,tensor_history
2023-03-12,1.089,333,tensor_history
2023-03-13,1.089,335,tensor_history
2023-03-14,0.99,338,tensor_history
2023-03-15,1,335,tensor_history
2023-03-16,1,336,tensor_history
2023-03-17,1.11,332,tensor_history
2023-03-18,1.15,321,tensor_history
2023-03-19,1.16,316,tensor_history
2023-03-20,1.33,319,tensor_history
2023-03-21,0.95,335,tensor_history
2023-03-22,0.99,338,tensor_history
2023-03-23,1.1,332,tensor_history
2023-03-24,1.08,345,tensor_history
2023-03-25,1.069,341,tensor_history
2023-03-26,0.9801,340,tensor_history
2023-03-27,1.1,336,tensor_history
2023-03-28,1.1,338,tensor_history
2023-03-29,1.1,344,tensor_history
2023-03-30,1.1234,340,tensor_history
2023-03-31,1.09,341,tensor_history
2023-04-01,1.25,335,tensor_history
2023-04-02,1.3,333,tensor_history
2023-04-03,1.1,335,tensor_history
2023-04-04,1.2,339,tensor_history
2023-04-05,1.05,376,tensor_history
2023-04-06,1.2,346,tensor_history
2023-04-07,1.19,350,tensor_history
2023-04-08,1.178,349,tensor_history
2023-04-09,0.9801,355,tensor_history
2023-04-10,0.9603,355,tensor_history
2023-04-11,0.82,358,tensor_history
2023-04-12,0.75,364,tensor_history
2023-04-13,0.692,363,tensor_history
2023-04-14,0.99,352,tensor_history
2023-04-15,0.99,352,tensor_history
2023-04-16,0.9,361,tensor_history
2023-04-17,0.85,361,tensor_history
2023-04-18,0.82,362,tensor_history
2023-04-19,0.82,361,tensor_history
2023-04-20,0.8,357,tensor_history
2023-04-21,0.8,378,tensor_history
2023-04-22,0.8,395,tensor_history
2023-04-23,0.8,394,tensor_history
2023-04-24,0.8,376,tensor_history
2023-04-25,1,371,tensor_history
2023-04-26,0.94,377,tensor_history
2023-04-27,0.89,380,tensor_history
2023-04-28,0.89,378,tensor_history
2023-04-29,0.799,379,tensor_history
2023-04-30,0.9,373,tensor_history
2023-05-01,0.88,372,tensor_history
2023-05-02,0.88,373,tensor_history
2023-05-03,0.87,376,tensor_history
2023-05-04,0.87,374,tensor_history
2023-05-05,0.85,371,tensor_history
2023-05-06,0.73,373,tensor_history
2023-05-07,0.85,366,tensor_history
2023-05-08,0.8217,365,tensor_history
2023-05-09,0.8217,369,tensor_history
2023-05-10,0.8217,373,tensor_history
2023-05-11,0.8019,375,tensor_history
2023-05-12,0.8019,376,tensor_history
2023-05-13,0.7821,374,tensor_history
2023-05-14,0.7821,374,tensor_history
2023-05-15,0.7128,370,tensor_history
2023-05-16,0.7524,364,tensor_history
2023-05-17,0.693,367,tensor_history
2023-05-18,0.693,359,tensor_history
2023-05-19,0.8,348,tensor_history
2023-05-20,0.8,357,tensor_history
2023-05-21,0.8,358,tensor_history
2023-05-22,0.8,357,tensor_history
2023-05-23,0.99,340,tensor_history
2023-05-24,0.89,340,tensor_history
2023-05-25,0.89,341,tensor_history
2023-05-26,0.89,361,tensor_history
2023-05-27,0.8781,358,tensor_history
2023-05-28,0.8781,361,tensor_history
2023-05-29,0.8781,361,tensor_history
2023-05-30,0.8591,363,tensor_history
2023-05-31,0.7982,367,tensor_history
2023-06-01,0.7,369,tensor_history
2023-06-02,0.7,374,tensor_history
2023-06-03,0.74,374,tensor_history
2023-06-04,0.719,387,tensor_history
2023-06-05,0.719,385,tensor_history
2023-06-06,0.719,387,tensor_history
2023-06-07,0.71,393,tensor_history
2023-06-08,0.719,388,tensor_history
2023-06-09,0.69,399,tensor_history
2023-06-10,1,351,tensor_history
2023-06-11,0.83,351,tensor_history
2023-06-12,0.83,350,tensor_history
2023-06-14,0.83,348,tensor_history
2023-06-15,0.83,350,tensor_history
2023-06-16,0.83,350,tensor_history
2023-06-17,0.829,350,tensor_history
2023-06-18,0.83,348,tensor_history
2023-06-19,1.1,328,tensor_history
2023-06-20,1.1,339,tensor_history
2023-06-21,1.09,343,tensor_history
2023-06-22,0.989,353,tensor_history
2023-06-23,0.88,349,tensor_history
2023-06-24,0.879,348,tensor_history
2023-06-25,0.869,351,tensor_history
2023-06-26,0.869,350,tensor_history
2023-06-27,0.849,350,tensor_history
2023-06-28,0.7992,348,tensor_history
2023-06-29,0.7992,347,tensor_history
2023-06-30,0.7193,346,tensor_history
2023-07-01,0.7193,363,tensor_history
2023-07-02,0.6993,363,tensor_history
2023-07-03,0.6993,365,tensor_history
2023-07-04,0.7,362,tensor_history
2023-07-05,0.7,362,tensor_history
2023-07-06,0.7,361,tensor_history
2023-07-07,0.6993,360,tensor_history
2023-07-08,0.95,362,tensor_history
2023-07-09,0.95,363,tensor_history
2023-07-10,0.95,367,tensor_history
2023-07-11,0.95,371,tensor_history
2023-07-12,0.9,370,tensor_history
2023-07-13,0.9,385,tensor_history
2023-07-14,0.9,363,tensor_history
2023-07-15,0.8,367,tensor_history
2023-07-16,0.8,381,tensor_history
2023-07-17,0.8,382,tensor_history
2023-07-18,0.79,390,tensor_history
2023-07-19,0.79,368,tensor_history
2023-07-20,0.6,375,tensor_history
2023-07-21,0.79,370,tensor_history
2023-07-22,0.79,367,tensor_history
2023-07-23,0.79,375,tensor_history
2023-07-24,0.78,375,tensor_history
2023-07-25,0.7,375,tensor_history
2023-07-26,0.7792,373,tensor_history
2023-07-27,0.6993,374,tensor_history
2023-07-28,0.7782,373,tensor_history
2023-07-29,0.7782,373,tensor_history
2023-07-30,0.6494,389,tensor_history
2023-07-31,0.89,365,tensor_history
2023-08-01,0.89,366,tensor_history
2023-08-02,0.89,365,tensor_history
2023-08-03,0.9,368,tensor_history
2023-08-04,0.9,368,tensor_history
2023-08-05,0.89,372,tensor_history
2023-08-06,0.89,371,tensor_history
2023-08-07,0.89,372,tensor_history
2023-08-08,0.8,374,tensor_history
2023-08-09,0.8,393,tensor_history
2023-08-10,0.8,393,tensor_history
2023-08-11,0.8,396,tensor_history
2023-08-12,0.79,399,tensor_history
2023-08-13,0.78,399,tensor_history
2023-08-14,0.78,399,tensor_history
2023-08-15,0.78,401,tensor_history
2023-08-16,0.78,401,tensor_history
2023-08-17,0.78,402,tensor_history
2023-08-18,0.6,406,tensor_history
2023-08-19,0.77,403,tensor_history
2023-08-20,0.77,403,tensor_history
2023-08-21,0.737,410,tensor_history
2023-08-22,0.737,393,tensor_history
2023-08-23,0.71,416,tensor_history
2023-08-24,0.71,414,tensor_history
2023-08-25,0.683,413,tensor_history
2023-08-26,0.683,414,tensor_history
2023-08-27,0.683,414,tensor_history
2023-08-28,0.737,411,tensor_history
2023-08-29,0.7,412,tensor_history
2023-08-30,0.7,412,tensor_history
2023-08-31,0.7,427,tensor_history
2023-09-01,0.7,433,tensor_history
2023-09-02,0.7,432,tensor_history
2023-09-03,0.7,431,tensor_history
2023-09-04,0.6,433,tensor_history
2023-09-05,0.6,434,tensor_history
2023-09-06,0.6,431,tensor_history
2023-09-07,0.58,449,tensor_history
2023-09-08,0.6,450,tensor_history
2023-09-09,0.6,448,tensor_history
2023-09-10,0.65,423,tensor_history
2023-09-11,0.65,423,tensor_history
2023-09-12,0.64,424,tensor_history
2023-09-13,0.64,423,tensor_history
2023-09-14,0.64,429,tensor_history
2023-09-15,0.64,429,tensor_history
2023-09-16,0.64,429,tensor_history
2023-09-17,0.639,430,tensor_history
2023-09-18,0.639,431,tensor_history
2023-09-19,0.639,428,tensor_history
2023-09-20,0.639,421,tensor_history
2023-09-21,0.639,418,tensor_history
2023-09-22,0.639,416,tensor_history
2023-09-23,0.639,417,tensor_history
2023-09-24,0.639,422,tensor_history
2023-09-25,0.639,419,tensor_history
2023-09-26,0.639,418,tensor_history
2023-09-27,0.639,418,tensor_history
2023-09-28,0.639,415,tensor_history
2023-09-29,0.639,415,tensor_history
2023-09-30,0.639,415,tensor_history
2023-10-01,0.639,415,tensor_history
2023-10-02,0.639,424,tensor_history
2023-10-03,0.639,424,tensor_history
2023-10-04,0.639,424,tensor_history
2023-10-05,0.639,424,tensor_history
2023-10-06,0.5,428,tensor_history
2023-10-07,0.6389,422,tensor_history
2023-10-08,0.6389,422,tensor_history
2023-10-09,0.6389,422,tensor_history
2023-10-10,0.6389,422,tensor_history
2023-10-11,0.5999,424,tensor_history
2023-10-12,0.5999,424,tensor_history
2023-10-13,0.5999,423,tensor_history
2023-10-14,0.5999,422,tensor_history
2023-10-15,0.5999,419,tensor_history
2023-10-16,0.5499,428,tensor_history
2023-10-17,0.5499,429,tensor_history
2023-10-18,0.5499,430,tensor_history
2023-10-19,0.4799,437,tensor_history
2023-10-20,0.4799,442,tensor_history
2023-10-21,0.44,607,tensor_history
2023-10-22,0.44,707,tensor_history
2023-10-23,0.44,706,tensor_history
2023-10-24,0.399,705,tensor_history
2023-10-25,0.399,706,tensor_history
2023-10-26,0.399,705,tensor_history
2023-10-27,0.399,704,tensor_history
2023-10-28,0.41,702,tensor_history
2023-10-29,0.41,702,tensor_history
2023-10-30,0.4,701,tensor_history
2023-10-31,0.399,707,tensor_history
2023-11-01,0.399,449,tensor_history
2023-11-02,0.2999,464,tensor_history
2023-11-03,0.25,459,tensor_history
2023-11-04,0.225,461,tensor_history
2023-11-05,0.225,456,tensor_history
2023-11-06,0.19,456,tensor_history
2023-11-07,0.1,492,tensor_history
2023-11-08,0.16,463,tensor_history
2023-11-09,0.1599,456,tensor_history
2023-11-10,0.16,455,tensor_history
2023-11-11,0.23,452,tensor_history
2023-11-12,0.23,450,tensor_history
2023-11-13,0.23,447,tensor_history
2023-11-14,0.23,443,tensor_history
2023-11-15,0.199,443,tensor_history
2023-11-16,0.23,437,tensor_history
2023-11-17,0.22,437,tensor_history
2023-11-18,0.22,437,tensor_history
2023-11-19,0.22,438,tensor_history
2023-11-20,0.21,437,tensor_history
2023-11-21,0.2,440,tensor_history
2023-11-22,0.2,440,tensor_history
2023-11-23,0.205,437,tensor_history
2023-11-24,0.2,446,tensor_history
2023-11-25,0.2,446,tensor_history
2023-11-26,0.2,447,tensor_history
2023-11-27,0.18,449,tensor_history
2023-11-28,0.18,456,tensor_history
2023-11-29,0.3,408,tensor_history
2023-11-30,0.6799,358,tensor_history
2023-12-01,0.8,451,tensor_history
2023-12-02,0.689,415,tensor_history
2023-12-03,0.7,415,tensor_history
2023-12-04,0.61,418,tensor_history
2023-12-05,1.38,361,tensor_history
2023-12-06,1.19,371,tensor_history
2023-12-07,1.03,370,tensor_history
2023-12-08,1.185,387,tensor_history
2023-12-09,0.99,432,tensor_history
2023-12-10,0.79,465,tensor_history
2023-12-11,0.5499,486,tensor_history
2023-12-12,0.535,493,tensor_history
2023-12-13,0.5349,493,tensor_history
2023-12-14,0.545,486,tensor_history
2023-12-15,0.545,488,tensor_history
2023-12-16,0.54,510,tensor_history
2023-12-17,0.6489,493,tensor_history
2023-12-18,0.4989,502,tensor_history
2023-12-19,0.5999,509,tensor_history
2023-12-20,0.6989,484,tensor_history
2023-12-21,0.6939,493,tensor_history
2023-12-22,0.5999,507,tensor_history
2023-12-23,0.5665,507,tensor_history
2023-12-24,0.4889,504,tensor_history
2023-12-25,0.46,505,tensor_history
2023-12-26,0.4511,506,tensor_history
2023-12-27,0.4511,507,tensor_history
2023-12-28,0.45,506,tensor_history
2023-12-29,0.42,505,tensor_history
2023-12-30,0.42,493,tensor_history
2023-12-31,0.42,484,tensor_history
2024-01-01,0.69,454,tensor_history
2024-01-02,0.8799,435,tensor_history
2024-01-03,0.88,438,tensor_history
2024-01-04,0.85,447,tensor_history
2024-01-05,0.8,441,tensor_history
2024-01-06,0.8,452,tensor_history
2024-01-07,0.75,454,tensor_history
2024-01-08,0.75,454,tensor_history
2024-01-09,0.7,457,tensor_history
2024-01-10,0.71,459,tensor_history
2024-01-11,0.689,462,tensor_history
2024-01-12,0.5499,463,tensor_history
2024-01-13,0.5499,459,tensor_history
2024-01-14,0.7,454,tensor_history
2024-01-15,0.5999,457,tensor_history
2024-01-16,0.5999,457,tensor_history
2024-01-17,0.71,440,tensor_history
2024-01-18,0.699,445,tensor_history
2024-01-19,0.69,440,tensor_history
2024-01-20,0.6799,444,tensor_history
2024-01-21,0.6799,444,tensor_history
2024-01-22,0.77,424,tensor_history
2024-01-23,0.69,432,tensor_history
2024-01-24,0.666,430,tensor_history
2024-01-25,0.66,433,tensor_history
2024-01-26,0.6499,433,tensor_history
2024-01-27,0.6499,429,tensor_history
2024-01-28,0.6199,433,tensor_history
2024-01-29,0.5899,432,tensor_history
2024-01-30,0.5899,433,tensor_history
2024-01-31,0.5899,434,tensor_history
2024-02-01,0.5699,432,tensor_history
2024-02-02,0.5499,433,tensor_history
2024-02-03,0.55,435,tensor_history
2024-02-04,0.55,440,tensor_history
2024-02-05,0.55,438,tensor_history
2024-02-06,0.5499,437,tensor_history
2024-02-07,0.5499,437,tensor_history
2024-02-08,0.5499,437,tensor_history
2024-02-09,0.5,437,tensor_history
2024-02-10,0.549,439,tensor_history
2024-02-11,0.549,439,tensor_history
2024-02-12,0.69,432,tensor_history
2024-02-13,0.68,428,tensor_history
2024-02-14,0.6737,439,tensor_history
2024-02-15,0.6737,441,tensor_history
2024-02-16,0.6099,448,tensor_history
2024-02-17,0.6099,447,tensor_history
2024-02-18,0.5999,450,tensor_history
2024-02-19,0.5999,451,tensor_history
2024-02-20,0.5199,453,tensor_history
2024-02-21,0.64,440,tensor_history
2024-02-22,0.64,437,tensor_history
2024-02-23,0.6,443,tensor_history
2024-02-24,0.64,445,tensor_history
2024-02-25,0.634,451,tensor_history
2024-02-26,0.6163,456,tensor_history
2024-02-27,0.6043,462,tensor_history
2024-02-28,0.5987,475,tensor_history
2024-02-29,0.4999,471,tensor_history
2024-03-01,0.4999,474,tensor_history
2024-03-02,0.4999,476,tensor_history
2024-03-03,0.64,456,tensor_history
2024-03-04,0.5799,458,tensor_history
2024-03-05,0.55,469,tensor_history
2024-03-06,0.5199,467,tensor_history
2024-03-07,0.3899,495,tensor_history
2024-03-08,0.39,493,tensor_history
2024-03-09,0.39,492,tensor_history
2024-03-10,0.38,504,tensor_history
2024-03-11,0.37,503,tensor_history
2024-03-12,0.35,513,tensor_history
2024-03-13,0.34,514,tensor_history
2024-03-14,0.3,501,tensor_history
2024-03-15,0.2899,497,tensor_history
2024-03-16,0.2799,500,tensor_history
2024-03-17,0.29,497,tensor_history
2024-03-18,0.28,497,tensor_history
2024-03-19,0.28,498,tensor_history
2024-03-20,0.279,490,tensor_history
2024-03-21,0.2764,491,tensor_history
2024-03-22,0.25,505,tensor_history
2024-03-23,0.25,505,tensor_history
2024-03-24,0.25,507,tensor_history
2024-03-25,0.25,489,tensor_history
2024-03-26,0.27,490,tensor_history
2024-03-27,0.27,490,tensor_history
2024-03-28,0.266,490,tensor_history
2024-03-29,0.266,491,tensor_history
2024-03-30,0.266,492,tensor_history
2024-03-31,0.25,493,tensor_history
2024-04-01,0.22,513,tensor_history
2024-04-02,0.22,509,tensor_history
2024-04-03,0.217,513,tensor_history
2024-04-04,0.217,511,tensor_history
2024-04-05,0.22,516,tensor_history
2024-04-06,0.22,515,tensor_history
2024-04-07,0.22,511,tensor_history
2024-04-08,0.22,508,tensor_history
2024-04-09,0.21,507,tensor_history
2024-04-10,0.21,504,tensor_history
2024-04-11,0.21,502,tensor_history
2024-04-12,0.21,507,tensor_history
2024-04-13,0.2,507,tensor_history
2024-04-14,0.2,506,tensor_history
2024-04-15,0.2,505,tensor_history
2024-04-16,0.2,505,tensor_history
2024-04-17,0.21,503,tensor_history
2024-04-18,0.19,505,tensor_history
2024-04-19,0.21,505,tensor_history
2024-04-20,0.21,503,tensor_history
2024-04-21,0.21,502,tensor_history
2024-04-22,0.21,502,tensor_history
2024-04-23,0.21,503,tensor_history
2024-04-24,0.21,501,tensor_history
2024-04-25,0.21,495,tensor_history
2024-04-26,0.21,528,tensor_history
2024-04-27,0.21,528,tensor_history
2024-04-28,0.21,530,tensor_history
2024-04-29,0.2,533,tensor_history
2024-04-30,0.2,533,tensor_history
2024-05-01,0.2,534,tensor_history
2024-05-02,0.2,534,tensor_history
2024-05-03,0.2,534,tensor_history
2024-05-04,0.2,534,tensor_history
2024-05-05,0.1999,536,tensor_history
2024-05-06,0.1963,536,tensor_history
2024-05-07,0.1959,536,tensor_history
2024-05-08,0.1959,536,tensor_history
2024-05-09,0.1939,536,tensor_history
2024-05-10,0.1939,536,tensor_history
2024-05-11,0.1939,536,tensor_history
2024-05-12,0.1922,536,tensor_history
2024-05-13,0.1889,535,tensor_history
2024-05-14,0.1889,537,tensor_history
2024-05-15,0.1889,537,tensor_history
2024-05-16,0.1889,539,tensor_history
2024-05-17,0.1889,537,tensor_history
2024-05-18,0.1739,536,tensor_history
2024-05-19,0.165,536,tensor_history
2024-05-20,0.165,536,tensor_history
2024-05-21,0.1922,532,tensor_history
2024-05-22,0.1922,536,tensor_history
2024-05-23,0.1889,535,tensor_history
2024-05-24,0.1889,536,tensor_history
2024-05-25,0.1889,536,tensor_history
2024-05-26,0.1872,542,tensor_history
2024-05-27,0.1872,542,tensor_history
2024-05-28,0.1783,542,tensor_history
2024-05-29,0.1783,542,tensor_history
2024-05-30,0.1783,542,tensor_history
2024-05-31,0.18,557,tensor_history
2024-06-01,0.18,557,tensor_history
2024-06-02,0.17,559,tensor_history
2024-06-03,0.1684,561,tensor_history
2024-06-04,0.1684,561,tensor_history
2024-06-05,0.1684,560,tensor_history
2024-06-06,0.1659,560,tensor_history
2024-06-07,0.1614,558,tensor_history
2024-06-08,0.1922,554,tensor_history
2024-06-09,0.1886,560,tensor_history
2024-06-10,0.1692,556,tensor_history
2024-06-11,0.1692,555,tensor_history
2024-06-12,0.1692,557,tensor_history
2024-06-13,0.1677,555,tensor_history
2024-06-14,0.1922,545,tensor_history
2024-06-15,0.1922,545,tensor_history
2024-06-16,0.1922,545,tensor_history
2024-06-17,0.18,546,tensor_history
2024-06-18,0.18,547,tensor_history
2024-06-19,0.18,547,tensor_history
2024-06-20,0.18,549,tensor_history
2024-06-21,0.18,549,tensor_history
2024-06-22,0.18,549,tensor_history
2024-06-23,0.1922,547,tensor_history
2024-06-24,0.1922,547,tensor_history
2024-06-25,0.1922,547,tensor_history
2024-06-26,0.1922,547,tensor_history
2024-06-27,0.1922,547,tensor_history
2024-06-28,0.1922,547,tensor_history
2024-06-29,0.1922,547,tensor_history
2024-06-30,0.1922,547,tensor_history
2024-07-01,0.1922,547,tensor_history
2024-07-02,0.1922,546,tensor_history
2024-07-03,0.1922,545,tensor_history
2024-07-04,0.1922,546,tensor_history
2024-07-05,0.1922,545,tensor_history
2024-07-06,0.1922,545,tensor_history
2024-07-07,0.1922,545,tensor_history
2024-07-08,0.1922,545,tensor_history
2024-07-09,0.1922,542,tensor_history
2024-07-10,0.1922,542,tensor_history
2024-07-11,0.1922,542,tensor_history
2024-07-12,0.1922,542,tensor_history
2024-07-13,0.1922,542,tensor_history
2024-07-14,0.1922,541,tensor_history
2024-07-15,0.1922,543,tensor_history
2024-07-16,0.1922,543,tensor_history
2024-07-17,0.1922,543,tensor_history
2024-07-18,0.1922,543,tensor_history
2024-07-19,0.1922,543,tensor_history
2024-07-20,0.1922,543,tensor_history
2024-07-21,0.1922,543,tensor_history
2024-07-22,0.1922,543,tensor_history
2024-07-23,0.1922,543,tensor_history
2024-07-24,0.19,544,tensor_history
2024-07-25,0.1922,542,tensor_history
2024-07-26,0.1922,539,tensor_history
2024-07-27,0.19,540,tensor_history
2024-07-28,0.19,540,tensor_history
2024-07-29,0.19,540,tensor_history
2024-07-30,0.19,539,tensor_history
2024-07-31,0.18,540,tensor_history
2024-08-01,0.18,540,tensor_history
2024-08-02,0.18,540,tensor_history
2024-08-03,0.1922,538,tensor_history
2024-08-04,0.1922,538,tensor_history
2024-08-05,0.1922,538,tensor_history
2024-08-06,0.1922,538,tensor_history
2024-08-07,0.1922,544,tensor_history
2024-08-08,0.1922,544,tensor_history
2024-08-09,0.1922,544,tensor_history
2024-08-10,0.1922,511,tensor_history
2024-08-11,0.1921,512,tensor_history
2024-08-12,0.1921,512,tensor_history
2024-08-13,0.1921,513,tensor_history
2024-08-14,0.1921,513,tensor_history
2024-08-15,0.1921,513,tensor_history
2024-08-16,0.1921,513,tensor_history
2024-08-17,0.185,513,tensor_history
2024-08-18,0.1921,512,tensor_history
2024-08-19,0.1921,512,tensor_history
2024-08-20,0.192,514,tensor_history
2024-08-21,0.192,514,tensor_history
2024-08-22,0.192,511,tensor_history
2024-08-23,0.189,511,tensor_history
2024-08-24,0.189,511,tensor_history
2024-08-25,0.189,511,tensor_history
2024-08-26,0.189,511,tensor_history
2024-08-27,0.192,510,tensor_history
2024-08-28,0.192,510,tensor_history
2024-08-29,0.192,510,tensor_history
2024-08-30,0.18,510,tensor_history
2024-08-31,0.192,509,tensor_history
2024-09-01,0.192,509,tensor_history
2024-09-02,0.18,513,tensor_history
2024-09-03,0.18,513,tensor_history
2024-09-04,0.18,513,tensor_history
2024-09-05,0.18,513,tensor_history
2024-09-06,0.18,513,tensor_history
2024-09-07,0.18,514,tensor_history
2024-09-08,0.19,512,tensor_history
2024-09-09,0.19,512,tensor_history
2024-09-10,0.19,512,tensor_history
2024-09-11,0.17,514,tensor_history
2024-09-12,0.17,515,tensor_history
2024-09-13,0.17,515,tensor_history
2024-09-14,0.17,520,tensor_history
2024-09-15,0.192,515,tensor_history
2024-09-16,0.192,517,tensor_history
2024-09-17,0.192,524,tensor_history
2024-09-18,0.1902,526,tensor_history
2024-09-19,0.1902,525,tensor_history
2024-09-20,0.18,543,tensor_history
2024-09-21,0.18,544,tensor_history
2024-09-22,0.18,544,tensor_history
2024-09-23,0.17,545,tensor_history
2024-09-24,0.17,545,tensor_history
2024-09-25,0.18,526,tensor_history
2024-09-26,0.18,526,tensor_history
2024-09-27,0.18,526,tensor_history
2024-09-28,0.192,524,tensor_history
2024-09-29,0.192,520,tensor_history
2024-09-30,0.16,525,tensor_history
2024-10-01,0.16,524,tensor_history
2024-10-02,0.16,524,tensor_history
2024-10-03,0.16,524,tensor_history
2024-10-04,0.18,521,tensor_history
2024-10-05,0.18,521,tensor_history
2024-10-06,0.18,522,tensor_history
2024-10-07,0.179,524,tensor_history
2024-10-08,0.179,524,tensor_history
2024-10-09,0.179,525,tensor_history
2024-10-10,0.179,525,tensor_history
2024-10-11,0.178,525,tensor_history
2024-10-12,0.178,525,tensor_history
2024-10-13,0.178,524,tensor_history
2024-10-14,0.17,529,tensor_history
2024-10-15,0.17,530,tensor_history
2024-10-16,0.175,529,tensor_history
2024-10-17,0.175,549,tensor_history
2024-10-18,0.175,548,tensor_history
2024-10-19,0.175,547,tensor_history
2024-10-20,0.175,547,tensor_history
2024-10-21,0.175,542,tensor_history
2024-10-22,0.175,542,tensor_history
2024-10-23,0.175,523,tensor_history
2024-10-24,0.175,525,tensor_history
2024-10-25,0.175,524,tensor_history
2024-10-26,0.175,528,tensor_history
2024-10-27,0.155,534,tensor_history
2024-10-28,0.155,534,tensor_history
2024-10-29,0.155,529,tensor_history
2024-10-30,0.154,529,tensor_history
2024-10-31,0.154,529,tensor_history
2024-11-01,0.154,529,tensor_history
2024-11-02,0.154,529,tensor_history
2024-11-03,0.1524,541,tensor_history
2024-11-04,0.1524,541,tensor_history
2024-11-05,0.15,543,tensor_history
2024-11-06,0.129,540,tensor_history
2024-11-07,0.129,538,tensor_history
2024-11-08,0.129,537,tensor_history
2024-11-09,0.124,537,tensor_history
2024-11-10,0.129,534,tensor_history
2024-11-11,0.127,537,tensor_history
2024-11-12,0.127,536,tensor_history
2024-11-13,0.127,542,tensor_history
2024-11-14,0.127,542,tensor_history
2024-11-15,0.125,542,tensor_history
2024-11-16,0.125,542,tensor_history
2024-11-17,0.124,543,tensor_history
2024-11-18,0.124,543,tensor_history
2024-11-19,0.12,544,tensor_history
2024-11-20,0.12,549,tensor_history
2024-11-21,0.12,548,tensor_history
2024-11-22,0.1188,547,tensor_history
2024-11-23,0.11,546,tensor_history
2024-11-24,0.124,541,tensor_history
2024-11-25,0.124,537,tensor_history
2024-11-26,0.12,547,tensor_history
2024-11-27,0.12,547,tensor_history
2024-11-28,0.117,546,tensor_history
2024-11-29,0.117,546,tensor_history
2024-11-30,0.117,546,tensor_history
2024-12-01,0.117,548,tensor_history
2024-12-02,0.117,548,tensor_history
2024-12-03,0.117,547,tensor_history
2024-12-04,0.117,547,tensor_history
2024-12-05,0.1165,552,tensor_history
2024-12-06,0.1165,553,tensor_history
2024-12-07,0.1165,552,tensor_history
2024-12-08,0.1165,552,tensor_history
2024-12-09,0.1165,552,tensor_history
2024-12-10,0.1165,551,tensor_history
2024-12-11,0.115,552,tensor_history
2024-12-12,0.114,552,tensor_history
2024-12-13,0.114,552,tensor_history
2024-12-14,0.114,552,tensor_history
2024-12-15,0.114,552,tensor_history
2024-12-17,0.114,552,tensor_history
2024-12-18,0.114,552,tensor_history
2024-12-19,0.114,554,tensor_history
2024-12-20,0.114,554,tensor_history
2024-12-21,0.114,554,tensor_history
2024-12-22,0.114,554,tensor_history
2024-12-23,0.114,554,tensor_history
2024-12-24,0.114,553,tensor_history
2024-12-25,0.114,550,tensor_history
2024-12-26,0.114,550,tensor_history
2024-12-27,0.114,553,tensor_history
2024-12-28,0.1128,552,tensor_history
2024-12-29,0.1128,551,tensor_history
2024-12-30,0.1128,550,tensor_history
2024-12-31,0.1128,549,tensor_history
2025-01-01,0.1128,549,tensor_history
2025-01-02,0.1128,549,tensor_history
2025-01-03,0.1128,549,tensor_history
2025-01-04,0.1128,548,tensor_history
2025-01-05,0.1128,548,tensor_history
2025-01-06,0.1128,548,tensor_history
2025-01-07,0.1128,547,tensor_history
2025-01-08,0.1128,547,tensor_history
2025-01-09,0.1128,547,tensor_history
2025-01-10,0.1128,547,tensor_history
2025-01-11,0.1128,547,tensor_history
2025-01-12,0.1128,548,tensor_history
2025-01-13,0.1128,547,tensor_history
2025-01-14,0.1128,545,tensor_history
2025-01-15,0.1128,533,tensor_history
2025-01-16,0.1128,532,tensor_history
2025-01-17,0.1128,530,tensor_history
2025-01-18,0.1128,529,tensor_history
2025-01-19,0.1128,529,tensor_history
2025-01-20,0.1128,530,tensor_history
2025-01-21,0.1128,528,tensor_history
2025-01-22,0.1128,526,tensor_history
2025-01-23,0.1128,526,tensor_history
2025-01-24,0.1128,525,tensor_history
2025-01-25,0.1128,526,tensor_history
2025-01-26,0.1128,524,tensor_history
2025-01-27,0.1128,524,tensor_history
2025-01-28,0.1128,526,tensor_history
2025-01-29,0.1128,526,tensor_history
2025-01-30,0.109,528,tensor_history
2025-01-31,0.109,529,tensor_history
2025-02-01,0.109,529,tensor_history
2025-02-02,0.104,531,tensor_history
2025-02-03,0.104,527,tensor_history
2025-02-04,0.104,528,tensor_history
2025-02-05,0.104,528,tensor_history
2025-02-06,0.104,527,tensor_history
2025-02-07,0.109,519,tensor_history
2025-02-08,0.105,516,tensor_history
2025-02-09,0.105,516,tensor_history
2025-02-10,0.109,515,tensor_history
2025-02-11,0.109,515,tensor_history
2025-02-12,0.109,516,tensor_history
2025-02-13,0.109,516,tensor_history
2025-02-14,0.109,516,tensor_history
2025-02-15,0.109,516,tensor_history
2025-02-16,0.1084,516,tensor_history
2025-02-17,0.1084,516,tensor_history
2025-02-18,0.1084,513,tensor_history
2025-02-19,0.1084,512,tensor_history
2025-02-20,0.109,509,tensor_history
2025-02-21,0.109,509,tensor_history
2025-02-22,0.109,509,tensor_history
2025-02-23,0.109,509,tensor_history
2025-02-24,0.109,509,tensor_history
2025-02-25,0.109,509,tensor_history
2025-02-26,0.109,509,tensor_history
2025-02-27,0.109,509,tensor_history
2025-02-28,0.109,501,tensor_history
2025-03-01,0.109,501,tensor_history
2025-03-02,0.109,501,tensor_history
2025-03-03,0.109,501,tensor_history
2025-03-04,0.109,501,tensor_history
2025-03-05,0.109,501,tensor_history
2025-03-06,0.109,501,tensor_history
2025-03-07,0.109,501,tensor_history
2025-03-08,0.109,501,tensor_history
2025-03-09,0.109,501,tensor_history
2025-03-10,0.109,501,tensor_history
2025-03-11,0.109,501,tensor_history
2025-03-12,0.109,501,tensor_history
2025-03-13,0.109,506,tensor_history
2025-03-14,0.109,506,tensor_history
2025-03-15,0.109,507,tensor_history
2025-03-16,0.109,507,tensor_history
2025-03-17,0.1,521,tensor_history
2025-03-18,0.1,520,tensor_history
2025-03-19,0.1,520,tensor_history
2025-03-20,0.1,520,tensor_history
2025-03-21,0.1,520,tensor_history
2025-03-22,0.1,520,tensor_history
2025-03-23,0.1,509,tensor_history
2025-03-24,0.09,522,tensor_history
2025-03-25,0.09,523,tensor_history
2025-03-26,0.09,522,tensor_history
2025-03-27,0.09,522,tensor_history
2025-03-28,0.109,496,tensor_history
2025-03-29,0.109,530,tensor_history
2025-03-30,0.109,528,tensor_history
2025-03-31,0.109,528,tensor_history
2025-04-01,0.109,543,tensor_history
2025-04-02,0.109,540,tensor_history
2025-04-03,0.109,532,tensor_history
2025-04-04,0.109,532,tensor_history
2025-04-05,0.109,532,tensor_history
2025-04-06,0.109,531,tensor_history
2025-04-07,0.109,531,tensor_history
2025-04-08,0.109,531,tensor_history
2025-04-09,0.109,531,tensor_history
2025-04-10,0.109,531,tensor_history
2025-04-11,0.109,526,tensor_history
2025-04-12,0.109,526,tensor_history
2025-04-13,0.109,525,tensor_history
2025-04-14,0.109,525,tensor_history
2025-04-15,0.108,527,tensor_history
2025-04-16,0.108,527,tensor_history
2025-04-17,0.108,527,tensor_history
2025-04-18,0.09,531,tensor_history
2025-04-19,0.1,529,tensor_history
2025-04-20,0.1,529,tensor_history
2025-04-21,0.1,529,tensor_history
2025-04-22,0.1,530,tensor_history
2025-04-23,0.1,530,tensor_history
2025-04-24,0.1,530,tensor_history
2025-04-25,0.1,530,tensor_history
2025-04-26,0.09,539,tensor_history
2025-04-27,0.09,539,tensor_history
2025-04-28,0.09,541,tensor_history
2025-04-29,0.09,541,tensor_history
2025-04-30,0.09,543,tensor_history
2025-05-01,0.09,537,tensor_history
2025-05-02,0.09,537,tensor_history
2025-05-03,0.09,537,tensor_history
2025-05-04,0.09,540,tensor_history
2025-05-05,0.09,539,tensor_history
2025-05-06,0.09,539,tensor_history
2025-05-07,0.09,540,tensor_history
2025-05-08,0.09,540,tensor_history
2025-05-09,0.09,539,tensor_history
2025-05-10,0.087,540,tensor_history
2025-05-11,0.087,538,tensor_history
2025-05-12,0.087,546,tensor_history
2025-05-13,0.087,547,tensor_history
2025-05-14,0.087,547,tensor_history
2025-05-15,0.087,547,tensor_history
2025-05-17,0.087,548,tensor_history
2025-05-18,0.087,548,tensor_history
2025-05-20,0.087,547,tensor_history
2025-05-21,0.087,547,tensor_history
2025-05-22,0.087,549,tensor_history
2025-05-23,0.087,550,tensor_history
2025-05-24,0.087,550,tensor_history
2025-05-25,0.087,550,tensor_history
2025-05-28,0.087,551,tensor_history
2025-06-04,0.087,556,tensor_history
2025-06-05,0.087,556,tensor_history
2025-06-10,0.08,557,tensor_history
2025-06-11,0.08,557,tensor_history
2025-06-17,0.08,557,tensor_history
2025-06-18,0.08,557,tensor_history
2025-06-19,0.08,557,tensor_history
2025-06-23,0.096,529,tensor_history
2025-06-24,0.096,529,tensor_history
2025-06-25,0.096,529,tensor_history
2025-06-26,0.088,535,tensor_history
2025-06-27,0.088,536,tensor_history
2025-06-28,0.088,537,tensor_history
2025-06-29,0.088,535,tensor_history
2025-06-30,0.088,540,tensor_history
2025-07-01,0.088,540,tensor_history
2025-07-02,0.088,549,tensor_history
2025-07-03,0.087,549,tensor_history
2025-07-04,0.087,550,tensor_history
2025-07-05,0.087,550,tensor_history
2025-07-06,0.088,550,tensor_history
2025-07-07,0.088,550,tensor_history
2025-07-08,0.088,550,tensor_history
2025-07-09,0.088,550,tensor_history
2025-07-10,0.0878,551,tensor_history
2025-07-11,0.0878,546,tensor_history
2025-07-12,0.0878,546,tensor_history
2025-07-13,0.0878,546,tensor_history
2025-07-14,0.0878,548,tensor_history
2025-07-15,0.0878,547,tensor_history
2025-07-16,0.07,547,tensor_history
2025-07-17,0.0847,547,tensor_history
2025-07-18,0.0847,549,tensor_history
2025-07-19,0.0847,549,tensor_history
2025-07-20,0.0847,549,tensor_history
2025-07-21,0.0847,549,tensor_history
2025-07-22,0.0847,549,tensor_history
2025-07-23,0.0847,550,tensor_history
2025-07-24,0.0847,550,tensor_history
2025-07-25,0.0847,548,tensor_history
2025-07-26,0.0847,548,tensor_history
2025-07-27,0.0847,551,tensor_history
2025-07-28,0.0847,551,tensor_history
2025-07-29,0.0847,551,tensor_history
2025-07-30,0.0847,551,tensor_history
2025-07-31,0.0847,551,tensor_history
2025-08-01,0.0847,551,tensor_history
2025-08-02,0.0847,551,tensor_history
2025-08-03,0.0847,551,tensor_history
2025-08-04,0.0816,552,tensor_history
2025-08-05,0.0816,552,tensor_history
2025-08-06,0.0816,552,tensor_history
2025-08-07,0.0816,552,tensor_history
2025-08-08,0.0787,552,tensor_history
2025-08-09,0.0787,552,tensor_history
2025-08-10,0.0787,552,tensor_history
2025-08-11,0.0759,551,tensor_history
2025-08-12,0.0759,552,tensor_history
2025-08-13,0.0547,562,tensor_history
2025-08-14,0.0589,560,tensor_history
2025-08-15,0.0659,556,tensor_history
2025-08-16,0.0659,556,tensor_history
2025-08-17,0.0659,556,tensor_history
2025-08-18,0.0659,556,tensor_history
2025-08-19,0.0659,556,tensor_history
2025-08-20,0.0878,547,tensor_history
2025-08-21,0.0878,547,tensor_history
2025-08-22,0.0878,547,tensor_history
2025-08-23,0.0878,547,tensor_history
2025-08-24,0.0878,547,tensor_history
2025-08-25,0.0878,547,tensor_history
2025-08-26,0.0878,547,tensor_history
2025-08-27,0.0878,546,tensor_history
2025-08-28,0.0878,546,tensor_history
2025-08-29,0.0816,548,tensor_history
2025-08-30,0.0816,548,tensor_history
2025-08-31,0.07,552,tensor_history
2025-09-01,0.07,551,tensor_history
2025-09-02,0.07,551,tensor_history
2025-09-03,0.07,551,tensor_history
2025-09-04,0.07,549,tensor_history
2025-09-05,0.07,549,tensor_history
2025-09-06,0.07,549,tensor_history
2025-09-07,0.07,549,tensor_history
2025-09-08,0.07,557,tensor_history
2025-09-09,0.07,557,tensor_history
2025-09-10,0.07,557,tensor_history
2025-09-11,0.07,558,tensor_history
2025-09-12,0.07,573,tensor_history
2025-09-13,0.07,601,tensor_history
2025-09-14,0.07,601,tensor_history
2025-09-15,0.07,593,tensor_history
2025-09-16,0.07,592,tensor_history
2025-09-17,0.07,592,tensor_history
2025-09-18,0.065,592,tensor_history
2025-09-19,0.065,590,tensor_history
2025-09-20,0.065,589,tensor_history
2025-09-21,0.06,598,tensor_history
2025-09-22,0.0595,597,tensor_history
2025-09-23,0.0595,592,tensor_history
2025-09-24,0.0595,592,tensor_history
2025-09-25,0.0595,592,tensor_history
2025-09-26,0.0595,592,tensor_history
2025-09-27,0.0595,592,tensor_history
2025-09-28,0.0595,592,tensor_history
2025-09-29,0.0595,592,tensor_history
2025-09-30,0.0595,589,tensor_history
2025-10-01,0.0595,589,tensor_history
2025-10-02,0.0595,589,tensor_history
2025-10-03,0.0595,589,tensor_history
2025-10-04,0.058,589,tensor_history
2025-10-05,0.058,590,tensor_history
2025-10-06,0.058,590,tensor_history
2025-10-07,0.058,590,tensor_history
2025-10-08,0.058,590,tensor_history
2025-10-09,0.057,590,tensor_history
2025-10-10,0.057,593,tensor_history
2025-10-11,0.05,602,tensor_history
2025-10-12,0.05,602,tensor_history
2025-10-13,0.05,602,tensor_history
2025-10-14,0.05,602,tensor_history
2025-10-15,0.04,613,tensor_history
2025-10-16,0.041,615,tensor_history
2025-10-17,0.04,612,tensor_history
2025-10-18,0.04,612,tensor_history
2025-10-19,0.04,610,tensor_history
2025-10-20,0.04,607,tensor_history
2025-10-21,0.04,606,tensor_history
2025-10-22,0.04,606,tensor_history
2025-10-23,0.04,606,tensor_history
2025-10-24,0.04,606,tensor_history
2025-10-25,0.04,605,tensor_history
2025-10-26,0.04,598,tensor_history
2025-10-27,0.04,598,tensor_history
2025-10-28,0.04,598,tensor_history
2025-10-29,0.04,598,tensor_history
2025-10-30,0.04,598,tensor_history
2025-10-31,0.04,598,tensor_history
2025-11-01,0.04,597,tensor_history
2025-11-02,0.04,597,tensor_history
2025-11-03,0.04,597,tensor_history
2025-11-04,0.04,597,tensor_history
2025-11-05,0.04,597,tensor_history
2025-11-06,0.04,597,tensor_history
2025-11-07,0.04,597,tensor_history
2025-11-08,0.04,597,tensor_history
2025-11-09,0.04,596,tensor_history
2025-11-10,0.04,596,tensor_history
2025-11-11,0.04,596,tensor_history
2025-11-12,0.04,596,tensor_history
2025-11-13,0.04,596,tensor_history
2025-11-14,0.04,596,tensor_history
2025-11-15,0.04,596,tensor_history
2025-11-16,0.04,596,tensor_history
2025-11-17,0.04,596,tensor_history
2025-11-18,0.04,595,tensor_history
2025-11-19,0.04,595,tensor_history
2025-11-20,0.04,595,tensor_history
2025-11-21,0.04,595,tensor_history
2025-11-22,0.04,595,tensor_history
2025-11-23,0.04,595,tensor_history
2025-11-24,0.038,596,tensor_history
2025-11-25,0.038,596,tensor_history
2025-11-26,0.035,709,tensor_history
2025-11-27,0.038,709,tensor_history
2025-11-28,0.037,602,tensor_history
2025-11-29,0.038,601,tensor_history
2025-11-30,0.038,601,tensor_history
2025-12-01,0.038,601,tensor_history
2025-12-02,0.038,601,tensor_history
2025-12-03,0.038,601,tensor_history
2025-12-04,0.038,601,tensor_history
2025-12-05,0.038,602,tensor_history
2025-12-06,0.038,602,tensor_history
2025-12-07,0.038,602,tensor_history
2025-12-08,0.038,602,tensor_history
2025-12-09,0.038,602,tensor_history
2025-12-10,0.038,602,tensor_history
2025-12-11,0.038,602,tensor_history
2025-12-12,0.038,602,tensor_history
2025-12-13,0.038,601,tensor_history
2025-12-14,0.038,605,tensor_history
2025-12-15,0.038,606,tensor_history
2025-12-16,0.038,605,tensor_history
2025-12-17,0.038,606,tensor_history
2025-12-18,0.038,603,tensor_history
2025-12-19,0.038,600,tensor_history
2025-12-20,0.038,600,tensor_history
2025-12-21,0.038,599,tensor_history
2025-12-22,0.038,598,tensor_history
2025-12-23,0.038,598,tensor_history
2025-12-24,0.038,599,tensor_history
2025-12-25,0.038,599,tensor_history
2025-12-26,0.038,599,tensor_history
2025-12-27,0.038,599,tensor_history
2025-12-28,0.038,599,tensor_history
2025-12-29,0.038,599,tensor_history
2025-12-30,0.038,599,tensor_history
2025-12-31,0.038,599,tensor_history
2026-01-01,0.038,599,tensor_history
2026-01-02,0.038,598,tensor_history
2026-01-03,0.038,599,tensor_history
2026-01-04,0.038,600,tensor_history
2026-01-05,0.038,600,tensor_history
2026-01-06,0.038,600,tensor_history
2026-01-07,0.038,600,tensor_history
2026-01-08,0.038,600,tensor_history
2026-01-09,0.038,599,tensor_history
2026-01-10,0.04,596,tensor_history
2026-01-11,0.04,596,tensor_history
2026-01-12,0.04,597,tensor_history
2026-01-13,0.0473,593,tensor_history
2026-01-14,0.0473,593,tensor_history
2026-01-15,0.0473,593,tensor_history
2026-01-16,0.0547,588,tensor_history
2026-01-17,0.0547,589,tensor_history
2026-01-18,0.0547,587,tensor_history
2026-01-19,0.0547,589,tensor_history
2026-01-20,0.0547,589,tensor_history
2026-01-21,0.0547,589,tensor_history
2026-01-22,0.0547,589,tensor_history
2026-01-23,0.0547,589,tensor_history
2026-01-24,0.0547,589,tensor_history
2026-01-25,0.0547,589,tensor_history
2026-01-26,0.0547,589,tensor_history
2026-01-27,0.0547,588,tensor_history
2026-01-28,0.0547,588,tensor_history
2026-01-29,0.0547,588,tensor_history
2026-01-30,0.0547,589,tensor_history
2026-01-31,0.0547,592,tensor_history
2026-02-01,0.0547,592,tensor_history
2026-02-02,0.04,586,tensor_history
2026-02-03,0.04,586,tensor_history
2026-02-04,0.04,587,tensor_history
2026-02-05,0.0528,581,tensor_history
2026-02-06,0.0528,575,tensor_history
2026-02-07,0.0528,575,tensor_history
2026-02-08,0.0528,574,tensor_history
2026-02-09,0.0528,574,tensor_history
2026-02-10,0.0528,575,tensor_history
2026-02-11,0.0528,575,tensor_history
2026-02-12,0.0528,575,tensor_history
2026-02-13,0.0528,575,tensor_history
2026-02-14,0.0528,573,tensor_history
2026-02-15,0.06,565,tensor_history
2026-02-16,0.06,566,tensor_history
2026-02-17,0.06,566,tensor_history
2026-02-18,0.06,566,tensor_history
2026-02-19,0.0633,556,tensor_history
2026-02-20,0.0633,556,tensor_history
2026-02-21,0.0633,556,tensor_history
2026-02-22,0.0633,556,tensor_history
2026-02-23,0.0633,556,tensor_history
2026-02-24,0.0633,556,tensor_history
2026-02-25,0.0633,556,tensor_history
2026-02-26,0.0633,556,tensor_history
2026-02-27,0.0633,556,tensor_history
2026-02-28,0.0633,556,tensor_history
2026-03-01,0.0633,556,tensor_history
2026-03-02,0.0633,555,tensor_history
2026-03-03,0.0633,555,tensor_history
2026-03-04,0.0633,556,tensor_history
2026-03-05,0.0633,556,tensor_history
2026-03-06,0.0633,556,tensor_history
2026-03-07,0.0633,555,tensor_history
2026-03-08,0.0633,555,tensor_history
2026-03-09,0.0633,556,tensor_history
2026-03-10,0.06,556,tensor_history
2026-03-11,0.06,556,tensor_history
2026-03-12,0.06,556,tensor_history
2026-03-13,0.06,556,tensor_history
2026-03-14,0.06,556,tensor_history
2026-03-15,0.06,555,tensor_history
2026-03-16,0.06,554,tensor_history
2026-03-17,0.06,554,tensor_history
2026-03-18,0.06,555,tensor_history
2026-03-19,0.06,555,tensor_history
2026-03-20,0.06,554,tensor_history
2026-03-21,0.06,554,tensor_history
2026-03-22,0.06,554,tensor_history
2026-03-23,0.06,554,tensor_history
2026-03-24,0.06,554,tensor_history
2026-03-25,0.06,553,tensor_history
2026-03-26,0.06,553,tensor_history
2026-03-27,0.06,553,tensor_history
2026-03-28,0.06,552,tensor_history
2026-03-29,0.06,552,tensor_history
2026-03-30,0.06,552,tensor_history
2026-03-31,0.06,552,tensor_history
2026-04-01,0.06,549,tensor_history
2026-04-02,0.06,548,tensor_history
2026-04-03,0.06,548,tensor_history
2026-04-04,0.06,549,tensor_history
2026-04-05,0.06,549,tensor_history
2026-04-06,0.06,549,tensor_history
2026-04-07,0.06,549,tensor_history
2026-04-08,0.06,549,tensor_history
2026-04-09,0.06,546,tensor_history
2026-04-10,0.06,546,tensor_history
2026-04-11,0.06,546,tensor_history
2026-04-12,0.06,546,tensor_history
2026-04-13,0.06,546,tensor_history
2026-04-14,0.06,546,tensor_history
2026-04-15,0.06,546,tensor_history
2026-04-16,0.06,546,tensor_history
2026-04-17,0.06,546,tensor_history
2026-04-18,0.06,542,tensor_history
2026-04-19,0.06,542,tensor_history
2026-04-20,0.06,542,tensor_history
2026-04-21,0.06,542,tensor_history
2026-04-22,0.06,542,tensor_history
2026-04-23,0.06,542,tensor_history
2026-04-24,0.06,500,tensor_history
2026-04-25,0.0681,498,tensor_history
2026-04-26,0.0681,498,tensor_history
2026-04-27,0.0681,498,tensor_history
2026-04-28,0.0681,498,tensor_history
2026-04-29,0.0681,498,tensor_history
2026-04-30,0.0681,498,tensor_history
2026-05-01,0.0681,498,tensor_history
2026-05-02,0.0681,498,tensor_history
2026-05-03,0.0681,498,tensor_history
2026-05-04,0.0681,498,tensor_history
2026-05-05,0.0681,498,tensor_history
2026-05-06,0.0681,498,tensor_history
2026-05-07,0.0681,498,tensor_history
2026-05-08,0.0681,498,tensor_history
2026-05-09,0.0681,498,tensor_history
2026-05-10,0.0681,498,tensor_history
2026-05-11,0.0681,498,tensor_history
2026-05-12,0.0681,498,tensor_history
2026-05-13,0.0681,498,tensor_history
2026-05-14,0.0681,498,tensor_history
2026-05-15,0.05,499,tensor_history
2026-05-16,0.05,497,tensor_history
2026-05-17,0.0681,496,tensor_history
2026-05-18,0.0681,496,tensor_history
2026-05-19,0.0681,496,tensor_history
2026-05-20,0.0681,496,tensor_history
2026-05-21,0.0681,471,tensor_history
2026-05-22,0.0681,471,tensor_history
2026-05-23,0.0681,472,tensor_history
2026-05-24,0.0681,450,tensor_history
2026-05-25,0.0681,450,tensor_history
2026-05-26,0.0681,450,tensor_history
2026-05-27,0.0681,450,tensor_history
2026-05-28,0.0681,450,tensor_history
2026-05-29,0.0681,450,tensor_history
2026-05-30,0.0681,453,tensor_history
2026-05-31,0.0681,453,tensor_history
2026-06-01,0.0681,453,tensor_history
2026-06-02,0.0681,453,tensor_history
2026-06-03,0.0681,453,tensor_history
2026-06-04,0.067,458,tensor_history
2026-06-05,0.067,455,tensor_history
2026-06-06,0.067,455,tensor_history
2026-06-07,0.067,455,tensor_history
2026-06-08,0.067,455,tensor_history
2026-06-09,0.067,455,tensor_history
2026-06-10,0.0706,446,tensor_history
2026-06-11,0.073,445,tensor_history
2026-06-12,0.073,445,tensor_history
2026-06-13,0.073,443,tensor_history
2026-06-14,0.073,443,tensor_history
2026-06-15,0.073,443,tensor_history
2026-06-16,0.073,443,tensor_history
2026-06-17,0.073,443,tensor_history
2026-06-18,0.06,445,tensor_history
2026-06-19,0.06,443,tensor_history
2026-06-20,0.06,443,tensor_history
2026-06-21,0.06,443,tensor_history
2026-06-22,0.06,442,tensor_history
2026-06-23,0.06,442,tensor_history
2026-06-24,0.06,442,tensor_history
2026-06-25,0.06,442,tensor_history
2026-06-26,0.06,443,tensor_history
2026-06-27,0.06,443,tensor_history
2026-06-28,0.06,443,tensor_history
2026-06-29,0.06,443,tensor_history
2026-06-30,0.06,443,tensor_history
2026-07-01,0.06,443,tensor_history
2026-07-02,0.06,443,tensor_history
2026-07-03,0.06,443,tensor_history
2026-07-04,0.06,443,tensor_history
2026-07-05,0.06,443,tensor_history
2026-07-06,0.06,443,tensor_history
2026-07-07,0.06,443,tensor_history
2026-07-08,0.06,443,tensor_history
2026-07-09,0.06,443,tensor_history
2026-07-10,0.06,443,tensor_history
2026-07-11,0.06,443,tensor_history
2026-07-12,0.06,443,tensor_history
2026-07-13,0.06,443,tensor_history
2026-07-14,0.06,443,tensor_history
2026-07-15,0.06,443,tensor_history
2026-07-16,0.06,443,tensor_history
2026-07-17,0.06,443,tensor_history
2026-07-18,0.0732,441,tensor_history
2026-07-19,0.0732,442,tensor_history
2026-07-20,0.0732,442,tensor_history
2026-07-21,0.0732,442,tensor_history
2026-07-22,0.06,447,tensor_history
2026-07-23,0.06,446,tensor_history
2026-07-24,0.06,446,tensor_history
2026-07-25,0.06,446,tensor_history
2026-07-26,0.054,446,tensor_history
2026-07-27,0.05,447,tensor_history
2026-07-28,0.05,447,tensor_history
2026-07-29,0.05,447,tensor_history
2026-07-30,0.0732,447,tensor_history
2026-07-31,0.0732,447,tensor_history
2026-08-01,0.0732,447,tensor_history
2026-08-02,0.0732,447,tensor_history
2026-08-03,0.0732,447,tensor_history
2026-08-04,0.0732,447,tensor_history
2026-08-05,0.0732,447,tensor_history
2026-08-06,0.0732,447,tensor_history
2026-08-07,0.0732,447,tensor_history
2026-08-08,0.0732,447,tensor_history
2026-08-09,0.0732,447,tensor_history
2026-08-10,0.0732,447,tensor_history
2026-08-11,0.0788,434,tensor_history
2026-08-12,0.0788,434,tensor_history
2026-08-13,0.0788,434,tensor_history
2026-08-14,0.0788,434,tensor_history
2026-08-15,0.0788,434,tensor_history
2026-08-16,0.0788,434,tensor_history
2026-08-17,0.0788,434,tensor_history
2026-08-18,0.07884,435,tensor_history
2026-08-19,0.07884,435,magic_eden_snapshot
2026-08-20,0.07,435,magic_eden_snapshot
2026-08-21,0.07884,430,magic_eden_snapshot
2026-08-22,0.07,433,magic_eden_snapshot
2026-08-23,0.07,433,magic_eden_snapshot
2026-08-24,0.07,433,magic_eden_snapshot
2026-08-25,0.07,433,magic_eden_snapshot
2026-08-26,0.07,433,magic_eden_snapshot
2026-08-30,0.07,432,magic_eden_snapshot
2026-08-31,0.07,432,magic_eden_snapshot
2026-09-01,0.07,432,magic_eden_snapshot
2026-09-02,0.07,432,magic_eden_snapshot
2026-09-03,0.07,432,magic_eden_snapshot
