snapshot_date,floor_open_sol,floor_high_sol,floor_low_sol,floor_close_sol,listed_count
2022-02-25,2.2,2.2,0.17,1.44,2176
2022-02-26,1.44,1.5,0.25,1.39,2058
2022-02-27,1.39,1.4,1.1,1.24,1951
2022-02-28,1.24,1.35,1.05,1.19,1855
2022-03-01,1.19,1.29,0.99,1.2,1721
2022-03-02,1.2,1.495,1.2,1.495,1511
2022-03-03,1.495,1.644,1.37,1.4,1407
2022-03-04,1.4,1.49,1.199,1.37,1443
2022-03-05,1.37,1.38,1.0,1.3,1325
2022-03-06,1.3,1.45,1.09,1.3,1329
2022-03-07,1.3,1.39,1.09,1.27,1310
2022-03-08,1.27,1.3,1.1,1.22,1323
2022-03-09,1.22,1.22,1.0,1.15,1319
2022-03-10,1.15,1.19,0.9,1.19,1256
2022-03-11,1.19,1.2,1.0,1.17,1218
2022-03-12,1.17,1.17,1.0,1.1,1211
2022-03-13,1.1,1.28,1.0,1.15,1241
2022-03-14,1.15,1.15,1.0,1.11,1230
2022-03-15,1.11,1.15,0.9,1.15,1226
2022-03-16,1.15,1.15,1.0,1.05,1223
2022-03-17,1.05,1.09,0.95,1.0,1233
2022-03-18,1.0,1.1,0.89,1.05,1189
2022-03-19,1.05,1.1,1.0,1.07,1171
2022-03-20,1.07,1.07,0.98,1.0,1197
2022-03-21,1.0,1.25,0.99,1.25,1105
2022-03-22,1.25,1.26,1.09,1.15,1103
2022-03-23,1.15,1.3,1.0,1.2,1084
2022-03-24,1.2,1.2,1.05,1.2,1088
2022-03-25,1.2,1.2,1.0,1.14,1096
2022-03-26,1.14,1.17,0.9,1.1,1122
2022-03-27,1.1,1.16,1.0,1.0,1120
2022-03-28,1.0,1.12,0.95,1.09,1116
2022-03-29,1.09,1.15,1.0,1.1,1103
2022-03-30,1.1,1.13,0.9,1.04,1117
2022-03-31,1.04,1.08,0.92,0.97,1144
2022-04-01,0.97,1.18,0.9,1.16,1056
2022-04-02,1.16,1.16,0.8,0.97,1080
2022-04-03,0.97,1.0,0.8,1.0,1069
2022-04-04,1.0,1.2,0.95,1.2,1006
2022-04-05,1.2,1.29,1.0,1.29,927
2022-04-06,1.29,1.5,1.2,1.43,862
2022-04-07,1.43,1.49,1.2,1.29,891
2022-04-08,1.29,1.29,1.1,1.265,923
2022-04-09,1.265,1.269,1.1,1.2,927
2022-04-10,1.2,1.269,0.99,1.16,943
2022-04-11,1.16,1.25,1.05,1.12,926
2022-04-12,1.12,1.2,1.0,1.2,924
2022-04-13,1.2,1.2,1.0,1.11,927
2022-04-14,1.11,1.35,1.1,1.35,884
2022-04-15,1.35,1.46,1.35,1.38,890
2022-04-16,1.38,1.38,1.1,1.22,896
2022-04-17,1.22,1.35,1.1,1.3,883
2022-04-18,1.3,1.49,1.3,1.34,832
2022-04-19,1.34,1.5,1.25,1.39,850
2022-04-20,1.39,1.54,1.3,1.4,846
2022-04-21,1.4,1.4,1.3,1.33,866
2022-04-22,1.33,1.39,1.29,1.299,868
2022-04-23,1.299,1.299,1.0,1.24,881
2022-04-24,1.24,1.25,1.08,1.15,876
2022-04-25,1.15,1.22,1.08,1.2,873
2022-04-26,1.2,1.25,1.0,1.24,861
2022-04-27,1.24,1.54,1.0,1.35,838
2022-04-28,1.35,1.465,1.05,1.4,824
2022-04-29,1.4,1.4,1.1,1.28,840
2022-04-30,1.28,1.385,1.15,1.385,834
2022-05-01,1.385,1.385,1.1,1.29,844
2022-05-02,1.29,1.29,0.9,1.2489,860
2022-05-03,1.2489,1.34,1.16,1.2,838
2022-05-04,1.2,1.385,0.9,1.35,816
2022-05-05,1.35,1.55,1.1,1.48,761
2022-05-06,1.48,1.5,1.3,1.35,814
2022-05-07,1.35,1.55,1.25,1.35,792
2022-05-08,1.35,1.65,1.35,1.5,756
2022-05-09,1.5,1.5,1.2,1.4,769
2022-05-10,1.4,1.4,1.25,1.4,784
2022-05-11,1.4,1.4,1.2,1.25,782
2022-05-12,1.25,1.29,1.0,1.29,753
2022-05-13,1.29,1.6,1.29,1.6,720
2022-05-14,1.6,1.6,1.1,1.45,725
2022-05-15,1.45,1.45,1.1,1.43,729
2022-05-16,1.43,1.43,1.29,1.3,739
2022-05-17,1.3,1.4,1.29,1.39,746
2022-05-18,1.39,1.4,1.3,1.3,741
2022-05-19,1.3,1.39,1.15,1.29,755
2022-05-20,1.29,1.3,1.1,1.29,773
2022-05-21,1.29,1.3,1.1,1.28,771
2022-05-22,1.28,1.4,1.28,1.4,776
2022-05-23,1.4,1.4,1.1,1.34,765
2022-05-24,1.34,1.34,1.2,1.3,760
2022-05-25,1.3,1.39,1.3,1.37,753
2022-05-26,1.37,1.37,1.2,1.24,753
2022-05-27,1.24,1.3,1.19,1.19,766
2022-05-28,1.19,1.24,1.05,1.24,767
2022-05-29,1.24,1.29,1.1,1.2,791
2022-05-30,1.2,1.25,1.18,1.24,787
2022-05-31,1.24,1.24,1.19,1.23,816
2022-06-01,1.23,1.5,1.22,1.47,722
2022-06-02,1.47,1.47,1.4,1.41,678
2022-06-03,1.41,1.41,1.25,1.25,672
2022-06-04,1.25,1.38,1.15,1.37,665
2022-06-05,1.37,1.37,1.33,1.33,660
2022-06-06,1.33,1.33,1.2,1.25,606
2022-06-07,1.25,1.25,0.77,1.2,603
2022-06-08,1.2,1.28,1.1,1.28,586
2022-06-09,1.28,1.28,1.1,1.249,572
2022-06-10,1.249,1.25,1.2,1.24,572
2022-06-11,1.24,1.3,1.2,1.3,554
2022-06-12,1.3,1.45,1.28,1.45,508
2022-06-13,1.45,1.45,1.1,1.45,488
2022-06-14,1.45,1.45,1.3,1.4,485
2022-06-15,1.4,1.4,1.3,1.39,485
2022-06-16,1.39,1.9,1.33,1.85,366
2022-06-17,1.85,1.85,1.5,1.62,395
2022-06-18,1.62,1.62,1.29,1.45,438
2022-06-19,1.45,1.5,1.2,1.5,441
2022-06-20,1.5,1.5,1.39,1.496,453
2022-06-21,1.496,1.496,1.4,1.479,448
2022-06-22,1.479,1.48,1.4,1.4,455
2022-06-23,1.4,1.4,1.35,1.4,461
2022-06-24,1.4,1.4,1.2,1.38,467
2022-06-25,1.38,1.45,1.2,1.45,455
2022-06-26,1.45,1.45,1.4,1.4,454
2022-06-27,1.4,1.4,1.25,1.25,461
2022-06-28,1.25,1.25,1.25,1.25,463
2022-06-29,1.25,1.25,1.25,1.25,463
2022-06-30,1.25,1.3,1.15,1.25,471
2022-07-01,1.25,1.25,1.2,1.2,494
2022-07-02,1.2,1.2,1.0,1.15,485
2022-07-03,1.15,1.27,1.0,1.27,459
2022-07-04,1.27,1.27,1.15,1.15,481
2022-07-05,1.15,1.15,0.925,0.925,465
2022-07-06,0.925,1.15,0.925,1.15,467
2022-07-07,1.15,1.15,1.0,1.09,466
2022-07-08,1.09,1.25,1.09,1.25,466
2022-07-09,1.25,1.35,1.25,1.35,462
2022-07-10,1.35,1.42,0.7,1.399,463
2022-07-11,1.399,1.399,1.35,1.35,466
2022-07-12,1.35,1.35,1.3,1.33,494
2022-07-13,1.33,1.45,1.2,1.2,477
2022-07-14,1.2,1.22,1.2,1.22,479
2022-07-15,1.22,1.22,1.2,1.2,490
2022-07-16,1.2,1.2,1.17,1.17,488
2022-07-17,1.17,1.41,1.07,1.4,473
2022-07-18,1.4,1.4,1.1,1.34,477
2022-07-19,1.34,1.34,1.24,1.24,492
2022-07-20,1.24,1.24,1.0,1.1,496
2022-07-21,1.1,1.1,1.04,1.04,485
2022-07-22,1.04,1.23,1.0,1.1,495
2022-07-23,1.1,1.1,0.89,1.1,509
2022-07-24,1.1,1.1,1.07,1.07,521
2022-07-25,1.07,1.07,0.93,0.93,516
2022-07-26,0.93,1.075,0.5,1.04,505
2022-07-27,1.04,1.04,1.0,1.04,509
2022-07-28,1.04,1.04,1.0,1.02,518
2022-07-29,1.02,1.02,0.9,1.0,527
2022-07-30,1.0,1.0,0.8,0.9,544
2022-07-31,0.9,1.01,0.89,0.96,541
2022-08-01,0.96,0.96,0.9,0.94,558
2022-08-02,0.94,0.94,0.88,0.88,565
2022-08-03,0.88,0.88,0.5,0.83,574
2022-08-04,0.83,0.83,0.62,0.75,566
2022-08-05,0.75,0.75,0.72,0.72,574
2022-08-06,0.72,0.73,0.69,0.73,569
2022-08-07,0.73,0.73,0.73,0.73,571
2022-08-08,0.73,0.73,0.68,0.68,556
2022-08-09,0.68,0.72,0.68,0.7,543
2022-08-10,0.7,0.7,0.67,0.7,536
2022-08-11,0.7,0.7,0.7,0.7,539
2022-08-12,0.7,0.7,0.59,0.59,535
2022-08-13,0.59,0.7,0.5,0.69,528
2022-08-14,0.69,0.69,0.67,0.67,541
2022-08-15,0.67,0.67,0.65,0.66,538
2022-08-16,0.66,0.66,0.49,0.64,554
2022-08-17,0.64,0.64,0.64,0.64,543
2022-08-18,0.64,0.64,0.629,0.629,548
2022-08-19,0.629,0.63,0.6,0.6,534
2022-08-20,0.6,0.6,0.59,0.6,527
2022-08-21,0.6,0.6,0.6,0.6,525
2022-08-22,0.6,0.7,0.6,0.7,518
2022-08-23,0.7,0.8,0.7,0.799,512
2022-08-24,0.799,0.85,0.799,0.85,500
2022-08-25,0.85,0.85,0.75,0.75,498
2022-08-26,0.75,0.85,0.7,0.85,498
2022-08-27,0.85,0.85,0.85,0.85,495
2022-08-28,0.85,0.85,0.84,0.84,488
2022-08-29,0.84,0.84,0.8,0.82,494
2022-08-30,0.82,0.83,0.78,0.79,495
2022-08-31,0.79,0.79,0.79,0.79,514
2022-09-01,0.79,0.79,0.79,0.79,519
2022-09-02,0.79,0.79,0.79,0.79,516
2022-09-03,0.79,0.79,0.72,0.76,513
2022-09-04,0.76,0.79,0.76,0.79,508
2022-09-05,0.79,0.79,0.7,0.789,511
2022-09-06,0.789,0.84,0.789,0.83,512
2022-09-07,0.83,0.83,0.79,0.82,512
2022-09-08,0.82,0.82,0.79,0.79,519
2022-09-09,0.79,0.79,0.78,0.78,529
2022-09-10,0.78,0.78,0.74,0.74,540
2022-09-11,0.74,0.74,0.7,0.7,544
2022-09-12,0.7,0.74,0.69,0.74,549
2022-09-13,0.74,0.74,0.72,0.74,547
2022-09-14,0.74,0.74,0.7399,0.7399,568
2022-09-15,0.7399,0.74,0.7,0.74,560
2022-09-16,0.74,0.74,0.69,0.725,568
2022-09-17,0.725,0.74,0.7,0.74,546
2022-09-18,0.74,0.74,0.69,0.74,550
2022-09-19,0.74,0.74,0.7,0.74,540
2022-09-20,0.74,0.74,0.65,0.74,535
2022-09-21,0.74,0.74,0.74,0.74,527
2022-09-22,0.74,0.98,0.74,0.97,462
2022-09-23,0.97,1.0,0.969,1.0,473
2022-09-24,1.0,1.0,0.95,0.95,482
2022-09-25,0.95,0.95,0.8,0.95,478
2022-09-26,0.95,1.0,0.95,0.999,467
2022-09-27,0.999,0.999,0.9,0.9,472
2022-09-28,0.9,0.9,0.88,0.88,473
2022-09-29,0.88,0.88,0.879,0.879,477
2022-09-30,0.879,0.879,0.875,0.875,479
2022-10-01,0.875,0.875,0.84,0.84,483
2022-10-02,0.84,0.84,0.75,0.75,476
2022-10-03,0.75,0.8,0.75,0.79,478
2022-10-04,0.79,0.8,0.75,0.75,469
2022-10-05,0.75,0.75,0.69,0.69,465
2022-10-06,0.69,0.8,0.63,0.8,463
2022-10-07,0.8,0.83,0.8,0.83,465
2022-10-08,0.83,0.83,0.82,0.83,460
2022-10-09,0.83,0.88,0.83,0.87,465
2022-10-10,0.87,0.87,0.8,0.8,472
2022-10-11,0.8,0.8,0.76,0.76,485
2022-10-12,0.76,0.78,0.76,0.78,484
2022-10-13,0.78,0.78,0.78,0.78,480
2022-10-14,0.78,0.78,0.77,0.77,481
2022-10-15,0.77,0.77,0.77,0.77,479
2022-10-16,0.77,0.77,0.75,0.77,477
2022-10-17,0.77,0.77,0.73,0.73,456
2022-10-18,0.73,0.73,0.73,0.73,455
2022-10-19,0.73,0.73,0.65,0.65,463
2022-10-20,0.65,0.77,0.6,0.77,457
2022-10-21,0.77,0.8,0.76,0.76,451
2022-10-22,0.76,0.76,0.7,0.7,441
2022-10-23,0.7,0.76,0.7,0.74,447
2022-10-24,0.74,0.74,0.719,0.719,449
2022-10-25,0.719,0.719,0.7,0.7,451
2022-10-26,0.7,0.7,0.68,0.68,452
2022-10-27,0.68,0.7,0.68,0.7,444
2022-10-28,0.7,0.7,0.67,0.67,441
2022-10-29,0.67,0.67,0.64,0.65,447
2022-10-30,0.65,0.7,0.65,0.7,442
2022-10-31,0.7,0.7,0.6,0.7,445
2022-11-01,0.7,0.7,0.6,0.65,443
2022-11-02,0.65,0.7,0.65,0.68,449
2022-11-03,0.68,0.68,0.6,0.68,445
2022-11-04,0.68,0.68,0.68,0.68,454
2022-11-05,0.68,0.68,0.65,0.65,451
2022-11-06,0.65,0.65,0.5,0.6,455
2022-11-07,0.6,0.69,0.55,0.69,429
2022-11-08,0.69,0.69,0.33,0.69,413
2022-11-09,0.69,1.0,0.69,1.0,388
2022-11-10,1.0,1.0,0.89,0.99,385
2022-11-11,0.99,0.99,0.89,0.89,397
2022-11-12,0.89,0.95,0.89,0.95,381
2022-11-13,0.95,1.4,0.95,1.4,342
2022-11-14,1.4,1.4,1.38,1.4,339
2022-11-15,1.4,1.4,1.3,1.399,334
2022-11-16,1.399,1.85,1.3,1.8,270
2022-11-17,1.8,1.8,1.5,1.6,291
2022-11-18,1.6,1.6,1.3,1.3,310
2022-11-19,1.3,1.3,1.1,1.1,305
2022-11-20,1.1,1.216,1.04,1.216,289
2022-11-21,1.216,1.6,1.216,1.6,270
2022-11-22,1.6,1.6,1.5,1.57,317
2022-11-23,1.57,1.57,1.3,1.3,324
2022-11-24,1.3,1.49,1.1,1.4,318
2022-11-25,1.4,1.49,1.4,1.4,317
2022-11-26,1.4,1.4,1.3,1.3,327
2022-11-27,1.3,1.4,1.2,1.2,330
2022-11-28,1.2,1.4,1.2,1.2,324
2022-11-29,1.2,1.25,1.2,1.23,314
2022-11-30,1.23,1.25,1.23,1.25,313
2022-12-01,1.25,1.25,1.2,1.2,312
2022-12-02,1.2,1.25,1.2,1.25,317
2022-12-03,1.25,1.25,0.9,1.25,314
2022-12-04,1.25,1.4,1.25,1.4,332
2022-12-05,1.4,1.4,1.38,1.38,340
2022-12-06,1.38,1.38,1.2,1.2,335
2022-12-07,1.2,1.2,1.1,1.15,325
2022-12-08,1.15,1.2,1.15,1.17,322
2022-12-09,1.17,1.39,1.17,1.35,323
2022-12-10,1.35,1.35,1.32,1.32,324
2022-12-11,1.32,1.5,1.32,1.5,306
2022-12-12,1.5,1.5,1.45,1.45,314
2022-12-13,1.45,1.45,1.35,1.35,337
2022-12-14,1.35,1.35,1.25,1.25,334
2022-12-15,1.25,1.25,1.15,1.159,331
2022-12-16,1.159,1.159,1.159,1.159,328
2022-12-17,1.159,1.159,1.05,1.05,330
2022-12-18,1.05,1.4,1.046,1.4,321
2022-12-19,1.4,1.4,1.3,1.4,319
2022-12-20,1.4,1.4,1.3,1.3,337
2022-12-21,1.3,1.39,1.3,1.39,331
2022-12-22,1.39,1.39,1.25,1.35,342
2022-12-23,1.35,1.35,1.35,1.35,343
2022-12-24,1.35,1.35,1.29,1.29,339
2022-12-25,1.29,1.29,1.2,1.27,336
2022-12-26,1.27,1.33,1.1,1.33,340
2022-12-27,1.33,1.33,1.15,1.15,351
2022-12-28,1.15,1.25,1.15,1.25,345
2022-12-29,1.25,1.3,1.1,1.3,344
2022-12-30,1.3,1.44,1.29,1.42,327
2022-12-31,1.42,1.42,1.2,1.3,330
2023-01-01,1.3,1.4,1.3,1.4,320
2023-01-02,1.4,1.74,1.4,1.74,293
2023-01-03,1.74,1.85,1.74,1.748,292
2023-01-04,1.748,2.0,1.7,1.9,264
2023-01-05,1.9,2.0,1.9,1.95,268
2023-01-06,1.95,1.95,1.91,1.91,272
2023-01-07,1.91,1.91,1.8,1.8,303
2023-01-08,1.8,1.9,1.8,1.9,301
2023-01-09,1.9,1.9,1.8,1.88,302
2023-01-10,1.88,1.88,1.83,1.83,302
2023-01-11,1.83,1.83,1.73,1.73,310
2023-01-12,1.73,1.73,1.61,1.61,305
2023-01-13,1.61,1.61,1.43,1.43,305
2023-01-14,1.43,1.43,0.85,1.12,318
2023-01-15,1.12,1.44,1.07,1.44,300
2023-01-16,1.44,1.44,1.29,1.29,302
2023-01-17,1.29,1.39,1.29,1.3,304
2023-01-18,1.3,1.3,1.2,1.29,306
2023-01-19,1.29,1.29,1.28,1.28,317
2023-01-20,1.28,1.28,1.2,1.2,318
2023-01-21,1.2,1.2,0.9849,1.05,321
2023-01-22,1.05,1.05,1.0,1.03,325
2023-01-23,1.03,1.03,0.85,0.88,327
2023-01-24,0.88,1.1,0.862,1.08,311
2023-01-25,1.08,1.08,1.08,1.08,309
2023-01-26,1.08,1.08,0.99,0.99,315
2023-01-27,0.99,0.99,0.99,0.99,317
2023-01-28,0.99,0.99,0.99,0.99,324
2023-01-29,0.99,0.99,0.88,0.88,318
2023-01-30,0.88,0.88,0.88,0.88,319
2023-01-31,0.88,0.88,0.75,0.88,319
2023-02-01,0.88,0.88,0.84,0.85,321
2023-02-02,0.85,0.85,0.69,0.696,336
2023-02-03,0.696,0.85,0.696,0.85,327
2023-02-04,0.85,0.85,0.85,0.85,331
2023-02-05,0.85,0.85,0.84,0.84,326
2023-02-06,0.84,0.84,0.84,0.84,331
2023-02-07,0.84,0.84,0.84,0.84,330
2023-02-08,0.84,0.84,0.84,0.84,330
2023-02-09,0.84,0.9,0.84,0.9,312
2023-02-10,0.9,1.0,0.9,1.0,315
2023-02-11,1.0,1.0,1.0,1.0,314
2023-02-12,1.0,1.0,1.0,1.0,317
2023-02-13,1.0,1.0,1.0,1.0,314
2023-02-14,1.0,1.2,1.0,1.2,299
2023-02-15,1.2,1.2,1.1,1.2,301
2023-02-16,1.2,1.24,1.2,1.23,301
2023-02-17,1.23,1.23,1.23,1.23,304
2023-02-18,1.23,1.4,1.23,1.4,302
2023-02-19,1.4,1.4,1.35,1.35,307
2023-02-20,1.35,1.35,1.35,1.35,306
2023-02-21,1.35,1.35,1.339,1.339,312
2023-02-22,1.339,1.339,1.2,1.339,327
2023-02-23,1.339,1.339,1.33,1.33,330
2023-02-24,1.33,1.33,1.3,1.3,336
2023-02-25,1.3,1.3,1.3,1.3,332
2023-02-26,1.3,1.3,1.28,1.28,337
2023-02-27,1.28,1.28,1.1,1.1,346
2023-02-28,1.1,1.19,1.1,1.15,344
2023-03-01,1.15,1.19,1.15,1.15,336
2023-03-02,1.15,1.15,1.15,1.15,334
2023-03-03,1.15,1.15,1.1,1.15,332
2023-03-04,1.15,1.15,1.15,1.15,337
2023-03-05,1.15,1.18,1.04,1.18,323
2023-03-06,1.18,1.18,1.0,1.169,329
2023-03-07,1.169,1.169,1.1,1.14,328
2023-03-08,1.14,1.14,0.99,0.99,346
2023-03-09,0.99,0.99,0.95,0.98,328
2023-03-10,0.98,1.169,0.98,1.16,327
2023-03-11,1.16,1.16,1.13,1.13,327
2023-03-12,1.13,1.13,1.089,1.089,333
2023-03-13,1.089,1.089,1.07,1.089,335
2023-03-14,1.089,1.089,0.99,0.99,338
2023-03-15,0.99,1.0,0.891,1.0,335
2023-03-16,1.0,1.0,1.0,1.0,336
2023-03-17,1.0,1.11,1.0,1.11,332
2023-03-18,1.11,1.15,1.1,1.15,321
2023-03-19,1.15,1.16,1.15,1.16,316
2023-03-20,1.16,1.33,1.16,1.33,319
2023-03-21,1.33,1.33,0.95,0.95,335
2023-03-22,0.95,1.0,0.9,0.99,338
2023-03-23,0.99,1.1,0.9,1.1,332
2023-03-24,1.1,1.14,1.08,1.08,345
2023-03-25,1.08,1.08,1.0,1.069,341
2023-03-26,1.069,1.079,0.9801,0.9801,340
2023-03-27,0.9801,1.1,0.9801,1.1,336
2023-03-28,1.1,1.1,1.1,1.1,338
2023-03-29,1.1,1.1,1.1,1.1,344
2023-03-30,1.1,1.15,1.1,1.1234,340
2023-03-31,1.1234,1.1234,1.09,1.09,341
2023-04-01,1.09,1.25,1.09,1.25,335
2023-04-02,1.25,1.3,1.238,1.3,333
2023-04-03,1.3,1.3,1.1,1.1,335
2023-04-04,1.1,1.3,1.1,1.2,339
2023-04-05,1.2,1.2,1.05,1.05,376
2023-04-06,1.05,1.2,0.8383,1.2,346
2023-04-07,1.2,1.2,1.19,1.19,350
2023-04-08,1.19,1.19,1.158,1.178,349
2023-04-09,1.178,1.178,0.9801,0.9801,355
2023-04-10,0.9801,0.9801,0.9603,0.9603,355
2023-04-11,0.9603,0.9603,0.82,0.82,358
2023-04-12,0.82,0.82,0.7425,0.75,364
2023-04-13,0.75,0.75,0.692,0.692,363
2023-04-14,0.692,1.1,0.6534,0.99,352
2023-04-15,0.99,0.99,0.99,0.99,352
2023-04-16,0.99,0.99,0.792,0.9,361
2023-04-17,0.9,0.9,0.85,0.85,361
2023-04-18,0.85,0.85,0.82,0.82,362
2023-04-19,0.82,0.82,0.82,0.82,361
2023-04-20,0.82,0.82,0.8,0.8,357
2023-04-21,0.8,0.8,0.8,0.8,378
2023-04-22,0.8,0.8,0.8,0.8,395
2023-04-23,0.8,0.8,0.8,0.8,394
2023-04-24,0.8,0.8,0.7,0.8,376
2023-04-25,0.8,1.0,0.8,1.0,371
2023-04-26,1.0,1.0,0.94,0.94,377
2023-04-27,0.94,0.94,0.89,0.89,380
2023-04-28,0.89,0.89,0.89,0.89,378
2023-04-29,0.89,0.89,0.799,0.799,379
2023-04-30,0.799,0.93,0.799,0.9,373
2023-05-01,0.9,0.9,0.88,0.88,372
2023-05-02,0.88,0.88,0.88,0.88,373
2023-05-03,0.88,0.88,0.87,0.87,376
2023-05-04,0.87,0.87,0.8,0.87,374
2023-05-05,0.87,0.87,0.85,0.85,371
2023-05-06,0.85,0.85,0.73,0.73,373
2023-05-07,0.73,0.85,0.73,0.85,366
2023-05-08,0.85,0.85,0.8217,0.8217,365
2023-05-09,0.8217,0.8217,0.8217,0.8217,369
2023-05-10,0.8217,0.8217,0.8217,0.8217,373
2023-05-11,0.8217,0.8217,0.8019,0.8019,375
2023-05-12,0.8019,0.8019,0.7,0.8019,376
2023-05-13,0.8019,0.8019,0.75,0.7821,374
2023-05-14,0.7821,0.7821,0.7821,0.7821,374
2023-05-15,0.7821,0.7821,0.7128,0.7128,370
2023-05-16,0.7128,0.79,0.7128,0.7524,364
2023-05-17,0.7524,0.7524,0.693,0.693,367
2023-05-18,0.693,0.693,0.6,0.693,359
2023-05-19,0.693,0.8,0.693,0.8,348
2023-05-20,0.8,0.8,0.8,0.8,357
2023-05-21,0.8,0.8,0.8,0.8,358
2023-05-22,0.8,0.8,0.8,0.8,357
2023-05-23,0.8,1.0,0.8,0.99,340
2023-05-24,0.99,0.99,0.89,0.89,340
2023-05-25,0.89,0.89,0.89,0.89,341
2023-05-26,0.89,0.89,0.89,0.89,361
2023-05-27,0.89,0.89,0.8781,0.8781,358
2023-05-28,0.8781,0.8781,0.8781,0.8781,361
2023-05-29,0.8781,0.8781,0.8781,0.8781,361
2023-05-30,0.8781,0.8781,0.8591,0.8591,363
2023-05-31,0.8591,0.8591,0.7982,0.7982,367
2023-06-01,0.7982,0.7982,0.6993,0.7,369
2023-06-02,0.7,0.7,0.7,0.7,374
2023-06-03,0.7,0.74,0.65,0.74,374
2023-06-04,0.74,0.74,0.719,0.719,387
2023-06-05,0.719,0.719,0.69,0.719,385
2023-06-06,0.719,0.719,0.719,0.719,387
2023-06-07,0.719,0.719,0.71,0.71,393
2023-06-08,0.71,0.719,0.71,0.719,388
2023-06-09,0.719,0.719,0.69,0.69,399
2023-06-10,0.69,1.0,0.69,1.0,351
2023-06-11,1.0,1.0,0.83,0.83,351
2023-06-12,0.83,0.83,0.57,0.83,350
2023-06-14,0.83,0.83,0.83,0.83,348
2023-06-15,0.83,0.83,0.83,0.83,350
2023-06-16,0.83,0.83,0.83,0.83,350
2023-06-17,0.83,0.83,0.829,0.829,350
2023-06-18,0.829,0.83,0.829,0.83,348
2023-06-19,0.83,1.1,0.83,1.1,328
2023-06-20,1.1,1.1,1.05,1.1,339
2023-06-21,1.1,1.1,1.09,1.09,343
2023-06-22,1.09,1.09,0.989,0.989,353
2023-06-23,0.989,0.989,0.87,0.88,349
2023-06-24,0.88,0.88,0.879,0.879,348
2023-06-25,0.879,0.879,0.869,0.869,351
2023-06-26,0.869,0.869,0.869,0.869,350
2023-06-27,0.869,0.8691,0.849,0.849,350
2023-06-28,0.849,0.8591,0.799,0.7992,348
2023-06-29,0.7992,0.7992,0.7992,0.7992,347
2023-06-30,0.7992,0.7992,0.7193,0.7193,346
2023-07-01,0.7193,0.7193,0.7193,0.7193,363
2023-07-02,0.7193,0.7193,0.6993,0.6993,363
2023-07-03,0.6993,0.6993,0.6993,0.6993,365
2023-07-04,0.6993,0.7,0.5994,0.7,362
2023-07-05,0.7,0.7,0.7,0.7,362
2023-07-06,0.7,0.7,0.7,0.7,361
2023-07-07,0.7,0.7,0.6993,0.6993,360
2023-07-08,0.6993,0.95,0.6993,0.95,362
2023-07-09,0.95,0.95,0.95,0.95,363
2023-07-10,0.95,0.95,0.95,0.95,367
2023-07-11,0.95,0.95,0.95,0.95,371
2023-07-12,0.95,0.95,0.9,0.9,370
2023-07-13,0.9,0.9,0.6,0.9,385
2023-07-14,0.9,0.9,0.6,0.9,363
2023-07-15,0.9,0.9,0.8,0.8,367
2023-07-16,0.8,0.8,0.8,0.8,381
2023-07-17,0.8,0.8,0.8,0.8,382
2023-07-18,0.8,0.8,0.79,0.79,390
2023-07-19,0.79,0.79,0.75,0.79,368
2023-07-20,0.79,0.79,0.6,0.6,375
2023-07-21,0.6,0.79,0.6,0.79,370
2023-07-22,0.79,0.79,0.79,0.79,367
2023-07-23,0.79,0.79,0.79,0.79,375
2023-07-24,0.79,0.79,0.78,0.78,375
2023-07-25,0.78,0.78,0.7,0.7,375
2023-07-26,0.7,0.7792,0.6993,0.7792,373
2023-07-27,0.7792,0.7792,0.6993,0.6993,374
2023-07-28,0.6993,0.7792,0.6993,0.7782,373
2023-07-29,0.7782,0.7782,0.7782,0.7782,373
2023-07-30,0.7782,0.7782,0.6494,0.6494,389
2023-07-31,0.6494,0.9,0.6494,0.89,365
2023-08-01,0.89,0.89,0.89,0.89,366
2023-08-02,0.89,0.89,0.89,0.89,365
2023-08-03,0.89,0.9,0.89,0.9,368
2023-08-04,0.9,0.9,0.9,0.9,368
2023-08-05,0.9,0.9,0.89,0.89,372
2023-08-06,0.89,0.89,0.89,0.89,371
2023-08-07,0.89,0.89,0.89,0.89,372
2023-08-08,0.89,0.89,0.8,0.8,374
2023-08-09,0.8,0.8,0.8,0.8,393
2023-08-10,0.8,0.8,0.8,0.8,393
2023-08-11,0.8,0.8,0.8,0.8,396
2023-08-12,0.8,0.8,0.79,0.79,399
2023-08-13,0.79,0.79,0.78,0.78,399
2023-08-14,0.78,0.78,0.78,0.78,399
2023-08-15,0.78,0.78,0.78,0.78,401
2023-08-16,0.78,0.78,0.78,0.78,401
2023-08-17,0.78,0.78,0.78,0.78,402
2023-08-18,0.78,0.78,0.6,0.6,406
2023-08-19,0.6,0.78,0.6,0.77,403
2023-08-20,0.77,0.77,0.77,0.77,403
2023-08-21,0.77,0.77,0.737,0.737,410
2023-08-22,0.737,0.737,0.737,0.737,393
2023-08-23,0.737,0.737,0.71,0.71,416
2023-08-24,0.71,0.71,0.71,0.71,414
2023-08-25,0.71,0.71,0.683,0.683,413
2023-08-26,0.683,0.683,0.683,0.683,414
2023-08-27,0.683,0.683,0.683,0.683,414
2023-08-28,0.683,0.737,0.683,0.737,411
2023-08-29,0.737,0.737,0.7,0.7,412
2023-08-30,0.7,0.7,0.7,0.7,412
2023-08-31,0.7,0.7,0.7,0.7,427
2023-09-01,0.7,0.7,0.7,0.7,433
2023-09-02,0.7,0.7,0.7,0.7,432
2023-09-03,0.7,0.7,0.65,0.7,431
2023-09-04,0.7,0.7,0.6,0.6,433
2023-09-05,0.6,0.6,0.6,0.6,434
2023-09-06,0.6,0.6,0.57,0.6,431
2023-09-07,0.6,0.6,0.58,0.58,449
2023-09-08,0.58,0.6,0.58,0.6,450
2023-09-09,0.6,0.6,0.5,0.6,448
2023-09-10,0.6,0.75,0.55,0.65,423
2023-09-11,0.65,0.65,0.65,0.65,423
2023-09-12,0.65,0.65,0.64,0.64,424
2023-09-13,0.64,0.64,0.64,0.64,423
2023-09-14,0.64,0.64,0.64,0.64,429
2023-09-15,0.64,0.64,0.64,0.64,429
2023-09-16,0.64,0.64,0.64,0.64,429
2023-09-17,0.64,0.64,0.639,0.639,430
2023-09-18,0.639,0.639,0.639,0.639,431
2023-09-19,0.639,0.639,0.639,0.639,428
2023-09-20,0.639,0.639,0.639,0.639,421
2023-09-21,0.639,0.639,0.639,0.639,418
2023-09-22,0.639,0.639,0.639,0.639,416
2023-09-23,0.639,0.639,0.639,0.639,417
2023-09-24,0.639,0.639,0.639,0.639,422
2023-09-25,0.639,0.639,0.639,0.639,419
2023-09-26,0.639,0.639,0.639,0.639,418
2023-09-27,0.639,0.639,0.639,0.639,418
2023-09-28,0.639,0.639,0.639,0.639,415
2023-09-29,0.639,0.639,0.639,0.639,415
2023-09-30,0.639,0.639,0.639,0.639,415
2023-10-01,0.639,0.639,0.639,0.639,415
2023-10-02,0.639,0.639,0.639,0.639,424
2023-10-03,0.639,0.639,0.639,0.639,424
2023-10-04,0.639,0.639,0.639,0.639,424
2023-10-05,0.639,0.639,0.639,0.639,424
2023-10-06,0.639,0.639,0.5,0.5,428
2023-10-07,0.5,0.639,0.5,0.6389,422
2023-10-08,0.6389,0.6389,0.6389,0.6389,422
2023-10-09,0.6389,0.6389,0.6389,0.6389,422
2023-10-10,0.6389,0.6389,0.6389,0.6389,422
2023-10-11,0.6389,0.6389,0.5999,0.5999,424
2023-10-12,0.5999,0.5999,0.5999,0.5999,424
2023-10-13,0.5999,0.5999,0.5999,0.5999,423
2023-10-14,0.5999,0.5999,0.5999,0.5999,422
2023-10-15,0.5999,0.5999,0.5999,0.5999,419
2023-10-16,0.5999,0.5999,0.5499,0.5499,428
2023-10-17,0.5499,0.5499,0.5499,0.5499,429
2023-10-18,0.5499,0.5499,0.549,0.5499,430
2023-10-19,0.5499,0.5499,0.4799,0.4799,437
2023-10-20,0.4799,0.4799,0.4799,0.4799,442
2023-10-21,0.4799,0.4799,0.44,0.44,607
2023-10-22,0.44,0.44,0.44,0.44,707
2023-10-23,0.44,0.44,0.44,0.44,706
2023-10-24,0.44,0.44,0.399,0.399,705
2023-10-25,0.399,0.399,0.399,0.399,706
2023-10-26,0.399,0.399,0.399,0.399,705
2023-10-27,0.399,0.399,0.399,0.399,704
2023-10-28,0.399,0.41,0.399,0.41,702
2023-10-29,0.41,0.41,0.41,0.41,702
2023-10-30,0.41,0.41,0.2,0.4,701
2023-10-31,0.4,0.4,0.399,0.399,707
2023-11-01,0.399,0.399,0.25,0.399,449
2023-11-02,0.399,0.399,0.2999,0.2999,464
2023-11-03,0.2999,0.2999,0.25,0.25,459
2023-11-04,0.25,0.25,0.225,0.225,461
2023-11-05,0.225,0.225,0.225,0.225,456
2023-11-06,0.225,0.225,0.19,0.19,456
2023-11-07,0.19,0.23,0.1,0.1,492
2023-11-08,0.1,0.16,0.1,0.16,463
2023-11-09,0.16,0.16,0.128,0.1599,456
2023-11-10,0.1599,0.16,0.1599,0.16,455
2023-11-11,0.16,0.23,0.1089,0.23,452
2023-11-12,0.23,0.23,0.2,0.23,450
2023-11-13,0.23,0.23,0.23,0.23,447
2023-11-14,0.23,0.23,0.1,0.23,443
2023-11-15,0.23,0.23,0.1699,0.199,443
2023-11-16,0.199,0.23,0.1939,0.23,437
2023-11-17,0.23,0.23,0.22,0.22,437
2023-11-18,0.22,0.22,0.22,0.22,437
2023-11-19,0.22,0.22,0.22,0.22,438
2023-11-20,0.22,0.22,0.21,0.21,437
2023-11-21,0.21,0.21,0.2,0.2,440
2023-11-22,0.2,0.2,0.2,0.2,440
2023-11-23,0.2,0.205,0.2,0.205,437
2023-11-24,0.205,0.205,0.2,0.2,446
2023-11-25,0.2,0.2,0.2,0.2,446
2023-11-26,0.2,0.2,0.2,0.2,447
2023-11-27,0.2,0.2,0.18,0.18,449
2023-11-28,0.18,0.18,0.18,0.18,456
2023-11-29,0.18,0.3,0.18,0.3,408
2023-11-30,0.3,1.3,0.3,0.6799,358
2023-12-01,0.6799,0.9499,0.6799,0.8,451
2023-12-02,0.8,0.8,0.5989,0.689,415
2023-12-03,0.689,0.7,0.55,0.7,415
2023-12-04,0.7,0.7,0.5,0.61,418
2023-12-05,0.61,1.47,0.61,1.38,361
2023-12-06,1.38,1.47,1.0,1.19,371
2023-12-07,1.19,1.19,0.91,1.03,370
2023-12-08,1.03,1.28,0.9999,1.185,387
2023-12-09,1.185,1.185,0.9899,0.99,432
2023-12-10,0.99,0.99,0.77,0.79,465
2023-12-11,0.79,0.79,0.5499,0.5499,486
2023-12-12,0.5499,0.5499,0.4,0.535,493
2023-12-13,0.535,0.535,0.5349,0.5349,493
2023-12-14,0.5349,0.55,0.5349,0.545,486
2023-12-15,0.545,0.545,0.545,0.545,488
2023-12-16,0.545,0.545,0.54,0.54,510
2023-12-17,0.54,0.75,0.51,0.6489,493
2023-12-18,0.6489,0.6489,0.4989,0.4989,502
2023-12-19,0.4989,0.5999,0.4949,0.5999,509
2023-12-20,0.5999,0.7,0.5999,0.6989,484
2023-12-21,0.6989,0.6989,0.6939,0.6939,493
2023-12-22,0.6939,0.6939,0.5999,0.5999,507
2023-12-23,0.5999,0.5999,0.5665,0.5665,507
2023-12-24,0.5665,0.5665,0.4889,0.4889,504
2023-12-25,0.4889,0.4889,0.4499,0.46,505
2023-12-26,0.46,0.46,0.44,0.4511,506
2023-12-27,0.4511,0.4511,0.4511,0.4511,507
2023-12-28,0.4511,0.48,0.45,0.45,506
2023-12-29,0.45,0.45,0.42,0.42,505
2023-12-30,0.42,0.42,0.39,0.42,493
2023-12-31,0.42,0.42,0.42,0.42,484
2024-01-01,0.42,0.6969,0.41,0.69,454
2024-01-02,0.69,0.99,0.69,0.8799,435
2024-01-03,0.8799,0.88,0.83,0.88,438
2024-01-04,0.88,0.88,0.85,0.85,447
2024-01-05,0.85,0.85,0.8,0.8,441
2024-01-06,0.8,0.9,0.8,0.8,452
2024-01-07,0.8,0.8,0.75,0.75,454
2024-01-08,0.75,0.75,0.7,0.75,454
2024-01-09,0.75,0.75,0.7,0.7,457
2024-01-10,0.7,0.71,0.695,0.71,459
2024-01-11,0.71,0.71,0.689,0.689,462
2024-01-12,0.689,0.689,0.5499,0.5499,463
2024-01-13,0.5499,0.5499,0.5499,0.5499,459
2024-01-14,0.5499,0.71,0.5099,0.7,454
2024-01-15,0.7,0.7,0.5999,0.5999,457
2024-01-16,0.5999,0.65,0.4999,0.5999,457
2024-01-17,0.5999,0.71,0.5999,0.71,440
2024-01-18,0.71,0.71,0.699,0.699,445
2024-01-19,0.699,0.699,0.69,0.69,440
2024-01-20,0.69,0.69,0.6799,0.6799,444
2024-01-21,0.6799,0.6799,0.6799,0.6799,444
2024-01-22,0.6799,0.79,0.6799,0.77,424
2024-01-23,0.77,0.77,0.69,0.69,432
2024-01-24,0.69,0.69,0.666,0.666,430
2024-01-25,0.666,0.666,0.66,0.66,433
2024-01-26,0.66,0.66,0.6499,0.6499,433
2024-01-27,0.6499,0.6499,0.6499,0.6499,429
2024-01-28,0.6499,0.6499,0.6199,0.6199,433
2024-01-29,0.6199,0.6199,0.5899,0.5899,432
2024-01-30,0.5899,0.5899,0.5899,0.5899,433
2024-01-31,0.5899,0.5899,0.47,0.5899,434
2024-02-01,0.5899,0.5899,0.5699,0.5699,432
2024-02-02,0.5699,0.5699,0.5499,0.5499,433
2024-02-03,0.5499,0.55,0.5399,0.55,435
2024-02-04,0.55,0.55,0.467,0.55,440
2024-02-05,0.55,0.55,0.55,0.55,438
2024-02-06,0.55,0.55,0.5499,0.5499,437
2024-02-07,0.5499,0.5499,0.5499,0.5499,437
2024-02-08,0.5499,0.5499,0.5499,0.5499,437
2024-02-09,0.5499,0.5499,0.4999,0.5,437
2024-02-10,0.5,0.5499,0.5,0.549,439
2024-02-11,0.549,0.549,0.549,0.549,439
2024-02-12,0.549,0.75,0.549,0.69,432
2024-02-13,0.69,0.69,0.6799,0.68,428
2024-02-14,0.68,0.68,0.6737,0.6737,439
2024-02-15,0.6737,0.6737,0.6737,0.6737,441
2024-02-16,0.6737,0.6737,0.4809,0.6099,448
2024-02-17,0.6099,0.6099,0.6099,0.6099,447
2024-02-18,0.6099,0.6099,0.5999,0.5999,450
2024-02-19,0.5999,0.5999,0.5999,0.5999,451
2024-02-20,0.5999,0.5999,0.5199,0.5199,453
2024-02-21,0.5199,0.6737,0.5199,0.64,440
2024-02-22,0.64,0.64,0.64,0.64,437
2024-02-23,0.64,0.64,0.59,0.6,443
2024-02-24,0.6,0.64,0.6,0.64,445
2024-02-25,0.64,0.64,0.5,0.634,451
2024-02-26,0.634,0.634,0.6163,0.6163,456
2024-02-27,0.6163,0.6163,0.5,0.6043,462
2024-02-28,0.6043,0.6043,0.5987,0.5987,475
2024-02-29,0.5987,0.5987,0.4999,0.4999,471
2024-03-01,0.4999,0.4999,0.4999,0.4999,474
2024-03-02,0.4999,0.4999,0.4,0.4999,476
2024-03-03,0.4999,0.64,0.4902,0.64,456
2024-03-04,0.64,0.64,0.5799,0.5799,458
2024-03-05,0.5799,0.5799,0.55,0.55,469
2024-03-06,0.55,0.55,0.4372,0.5199,467
2024-03-07,0.5199,0.5199,0.3899,0.3899,495
2024-03-08,0.3899,0.39,0.3599,0.39,493
2024-03-09,0.39,0.39,0.369,0.39,492
2024-03-10,0.39,0.39,0.37,0.38,504
2024-03-11,0.38,0.38,0.27,0.37,503
2024-03-12,0.37,0.37,0.35,0.35,513
2024-03-13,0.35,0.35,0.3,0.34,514
2024-03-14,0.34,0.34,0.3,0.3,501
2024-03-15,0.3,0.3,0.2899,0.2899,497
2024-03-16,0.2899,0.3,0.2799,0.2799,500
2024-03-17,0.2799,0.3,0.2799,0.29,497
2024-03-18,0.29,0.29,0.2799,0.28,497
2024-03-19,0.28,0.28,0.28,0.28,498
2024-03-20,0.28,0.28,0.25,0.279,490
2024-03-21,0.279,0.279,0.2764,0.2764,491
2024-03-22,0.2764,0.2764,0.25,0.25,505
2024-03-23,0.25,0.25,0.25,0.25,505
2024-03-24,0.25,0.25,0.25,0.25,507
2024-03-25,0.25,0.25,0.25,0.25,489
2024-03-26,0.25,0.2764,0.25,0.27,490
2024-03-27,0.27,0.27,0.27,0.27,490
2024-03-28,0.27,0.27,0.266,0.266,490
2024-03-29,0.266,0.266,0.266,0.266,491
2024-03-30,0.266,0.266,0.19,0.266,492
2024-03-31,0.266,0.266,0.25,0.25,493
2024-04-01,0.25,0.25,0.22,0.22,513
2024-04-02,0.22,0.22,0.22,0.22,509
2024-04-03,0.22,0.22,0.217,0.217,513
2024-04-04,0.217,0.217,0.217,0.217,511
2024-04-05,0.217,0.22,0.217,0.22,516
2024-04-06,0.22,0.22,0.22,0.22,515
2024-04-07,0.22,0.22,0.22,0.22,511
2024-04-08,0.22,0.22,0.22,0.22,508
2024-04-09,0.22,0.22,0.21,0.21,507
2024-04-10,0.21,0.21,0.21,0.21,504
2024-04-11,0.21,0.21,0.21,0.21,502
2024-04-12,0.21,0.21,0.21,0.21,507
2024-04-13,0.21,0.21,0.2,0.2,507
2024-04-14,0.2,0.2,0.2,0.2,506
2024-04-15,0.2,0.2,0.19,0.2,505
2024-04-16,0.2,0.2,0.199,0.2,505
2024-04-17,0.2,0.21,0.2,0.21,503
2024-04-18,0.21,0.21,0.19,0.19,505
2024-04-19,0.19,0.21,0.19,0.21,505
2024-04-20,0.21,0.21,0.21,0.21,503
2024-04-21,0.21,0.21,0.21,0.21,502
2024-04-22,0.21,0.21,0.21,0.21,502
2024-04-23,0.21,0.21,0.21,0.21,503
2024-04-24,0.21,0.21,0.21,0.21,501
2024-04-25,0.21,0.21,0.21,0.21,495
2024-04-26,0.21,0.21,0.21,0.21,528
2024-04-27,0.21,0.21,0.21,0.21,528
2024-04-28,0.21,0.21,0.21,0.21,530
2024-04-29,0.21,0.21,0.2,0.2,533
2024-04-30,0.2,0.2,0.2,0.2,533
2024-05-01,0.2,0.2,0.2,0.2,534
2024-05-02,0.2,0.2,0.2,0.2,534
2024-05-03,0.2,0.2,0.2,0.2,534
2024-05-04,0.2,0.2,0.2,0.2,534
2024-05-05,0.2,0.2,0.1999,0.1999,536
2024-05-06,0.1999,0.1999,0.1963,0.1963,536
2024-05-07,0.1963,0.1963,0.1959,0.1959,536
2024-05-08,0.1959,0.1959,0.1959,0.1959,536
2024-05-09,0.1959,0.1959,0.1929,0.1939,536
2024-05-10,0.1939,0.1939,0.1939,0.1939,536
2024-05-11,0.1939,0.1939,0.1939,0.1939,536
2024-05-12,0.1939,0.1939,0.1922,0.1922,536
2024-05-13,0.1922,0.1922,0.1889,0.1889,535
2024-05-14,0.1889,0.1889,0.1889,0.1889,537
2024-05-15,0.1889,0.1889,0.1889,0.1889,537
2024-05-16,0.1889,0.1889,0.1889,0.1889,539
2024-05-17,0.1889,0.1889,0.1889,0.1889,537
2024-05-18,0.1889,0.1889,0.1739,0.1739,536
2024-05-19,0.1739,0.1739,0.165,0.165,536
2024-05-20,0.165,0.165,0.165,0.165,536
2024-05-21,0.165,0.1922,0.16,0.1922,532
2024-05-22,0.1922,0.1922,0.1922,0.1922,536
2024-05-23,0.1922,0.1922,0.1889,0.1889,535
2024-05-24,0.1889,0.1889,0.1889,0.1889,536
2024-05-25,0.1889,0.1889,0.1035,0.1889,536
2024-05-26,0.1889,0.1889,0.1872,0.1872,542
2024-05-27,0.1872,0.1872,0.1872,0.1872,542
2024-05-28,0.1872,0.1872,0.1783,0.1783,542
2024-05-29,0.1783,0.1783,0.1783,0.1783,542
2024-05-30,0.1783,0.1783,0.1783,0.1783,542
2024-05-31,0.1783,0.18,0.1783,0.18,557
2024-06-01,0.18,0.18,0.18,0.18,557
2024-06-02,0.18,0.18,0.17,0.17,559
2024-06-03,0.17,0.17,0.1684,0.1684,561
2024-06-04,0.1684,0.1684,0.1684,0.1684,561
2024-06-05,0.1684,0.1684,0.1684,0.1684,560
2024-06-06,0.1684,0.1684,0.1659,0.1659,560
2024-06-07,0.1659,0.1659,0.1614,0.1614,558
2024-06-08,0.1614,0.1922,0.1614,0.1922,554
2024-06-09,0.1922,0.1922,0.1886,0.1886,560
2024-06-10,0.1886,0.1886,0.1669,0.1692,556
2024-06-11,0.1692,0.1692,0.1692,0.1692,555
2024-06-12,0.1692,0.1692,0.1692,0.1692,557
2024-06-13,0.1692,0.1692,0.1677,0.1677,555
2024-06-14,0.1677,0.1922,0.1677,0.1922,545
2024-06-15,0.1922,0.1922,0.1922,0.1922,545
2024-06-16,0.1922,0.1922,0.1922,0.1922,545
2024-06-17,0.1922,0.1922,0.18,0.18,546
2024-06-18,0.18,0.18,0.18,0.18,547
2024-06-19,0.18,0.18,0.18,0.18,547
2024-06-20,0.18,0.18,0.18,0.18,549
2024-06-21,0.18,0.18,0.18,0.18,549
2024-06-22,0.18,0.18,0.18,0.18,549
2024-06-23,0.18,0.1922,0.18,0.1922,547
2024-06-24,0.1922,0.1922,0.1922,0.1922,547
2024-06-25,0.1922,0.1922,0.1922,0.1922,547
2024-06-26,0.1922,0.1922,0.1922,0.1922,547
2024-06-27,0.1922,0.1922,0.1922,0.1922,547
2024-06-28,0.1922,0.1922,0.1922,0.1922,547
2024-06-29,0.1922,0.1922,0.1922,0.1922,547
2024-06-30,0.1922,0.1922,0.1922,0.1922,547
2024-07-01,0.1922,0.1922,0.1922,0.1922,547
2024-07-02,0.1922,0.1922,0.1922,0.1922,546
2024-07-03,0.1922,0.1922,0.1922,0.1922,545
2024-07-04,0.1922,0.1922,0.1922,0.1922,546
2024-07-05,0.1922,0.1922,0.1922,0.1922,545
2024-07-06,0.1922,0.1922,0.1922,0.1922,545
2024-07-07,0.1922,0.1922,0.1922,0.1922,545
2024-07-08,0.1922,0.1922,0.1922,0.1922,545
2024-07-09,0.1922,0.1922,0.1922,0.1922,542
2024-07-10,0.1922,0.1922,0.1922,0.1922,542
2024-07-11,0.1922,0.1922,0.1922,0.1922,542
2024-07-12,0.1922,0.1922,0.1922,0.1922,542
2024-07-13,0.1922,0.1922,0.1922,0.1922,542
2024-07-14,0.1922,0.1922,0.1922,0.1922,541
2024-07-15,0.1922,0.1922,0.1922,0.1922,543
2024-07-16,0.1922,0.1922,0.1922,0.1922,543
2024-07-17,0.1922,0.1922,0.1922,0.1922,543
2024-07-18,0.1922,0.1922,0.1922,0.1922,543
2024-07-19,0.1922,0.1922,0.1922,0.1922,543
2024-07-20,0.1922,0.1922,0.1922,0.1922,543
2024-07-21,0.1922,0.1922,0.1922,0.1922,543
2024-07-22,0.1922,0.1922,0.1922,0.1922,543
2024-07-23,0.1922,0.1922,0.1922,0.1922,543
2024-07-24,0.1922,0.1922,0.19,0.19,544
2024-07-25,0.19,0.1922,0.19,0.1922,542
2024-07-26,0.1922,0.1922,0.1922,0.1922,539
2024-07-27,0.1922,0.1922,0.19,0.19,540
2024-07-28,0.19,0.19,0.19,0.19,540
2024-07-29,0.19,0.19,0.19,0.19,540
2024-07-30,0.19,0.19,0.19,0.19,539
2024-07-31,0.19,0.19,0.18,0.18,540
2024-08-01,0.18,0.18,0.18,0.18,540
2024-08-02,0.18,0.18,0.18,0.18,540
2024-08-03,0.18,0.1922,0.18,0.1922,538
2024-08-04,0.1922,0.1922,0.1922,0.1922,538
2024-08-05,0.1922,0.1922,0.1922,0.1922,538
2024-08-06,0.1922,0.1922,0.1922,0.1922,538
2024-08-07,0.1922,0.1922,0.1922,0.1922,544
2024-08-08,0.1922,0.1922,0.1922,0.1922,544
2024-08-09,0.1922,0.1922,0.19,0.1922,544
2024-08-10,0.1922,0.1922,0.17,0.1922,511
2024-08-11,0.1922,0.1922,0.1921,0.1921,512
2024-08-12,0.1921,0.1921,0.1921,0.1921,512
2024-08-13,0.1921,0.1921,0.1921,0.1921,513
2024-08-14,0.1921,0.1921,0.1921,0.1921,513
2024-08-15,0.1921,0.1921,0.1921,0.1921,513
2024-08-16,0.1921,0.1921,0.1921,0.1921,513
2024-08-17,0.1921,0.1921,0.185,0.185,513
2024-08-18,0.185,0.1921,0.185,0.1921,512
2024-08-19,0.1921,0.1921,0.1921,0.1921,512
2024-08-20,0.1921,0.1921,0.192,0.192,514
2024-08-21,0.192,0.192,0.192,0.192,514
2024-08-22,0.192,0.192,0.192,0.192,511
2024-08-23,0.192,0.192,0.189,0.189,511
2024-08-24,0.189,0.189,0.189,0.189,511
2024-08-25,0.189,0.189,0.189,0.189,511
2024-08-26,0.189,0.189,0.189,0.189,511
2024-08-27,0.189,0.192,0.189,0.192,510
2024-08-28,0.192,0.192,0.192,0.192,510
2024-08-29,0.192,0.192,0.192,0.192,510
2024-08-30,0.192,0.192,0.18,0.18,510
2024-08-31,0.18,0.192,0.18,0.192,509
2024-09-01,0.192,0.192,0.192,0.192,509
2024-09-02,0.192,0.192,0.18,0.18,513
2024-09-03,0.18,0.18,0.18,0.18,513
2024-09-04,0.18,0.18,0.18,0.18,513
2024-09-05,0.18,0.18,0.18,0.18,513
2024-09-06,0.18,0.18,0.18,0.18,513
2024-09-07,0.18,0.18,0.18,0.18,514
2024-09-08,0.18,0.19,0.18,0.19,512
2024-09-09,0.19,0.19,0.19,0.19,512
2024-09-10,0.19,0.19,0.19,0.19,512
2024-09-11,0.19,0.19,0.17,0.17,514
2024-09-12,0.17,0.17,0.17,0.17,515
2024-09-13,0.17,0.17,0.17,0.17,515
2024-09-14,0.17,0.17,0.17,0.17,520
2024-09-15,0.17,0.192,0.17,0.192,515
2024-09-16,0.192,0.192,0.192,0.192,517
2024-09-17,0.192,0.192,0.192,0.192,524
2024-09-18,0.192,0.192,0.1902,0.1902,526
2024-09-19,0.1902,0.1902,0.1902,0.1902,525
2024-09-20,0.1902,0.1902,0.18,0.18,543
2024-09-21,0.18,0.18,0.18,0.18,544
2024-09-22,0.18,0.18,0.18,0.18,544
2024-09-23,0.18,0.18,0.17,0.17,545
2024-09-24,0.17,0.17,0.17,0.17,545
2024-09-25,0.17,0.18,0.17,0.18,526
2024-09-26,0.18,0.18,0.18,0.18,526
2024-09-27,0.18,0.18,0.18,0.18,526
2024-09-28,0.18,0.192,0.18,0.192,524
2024-09-29,0.192,0.192,0.16,0.192,520
2024-09-30,0.192,0.192,0.16,0.16,525
2024-10-01,0.16,0.16,0.16,0.16,524
2024-10-02,0.16,0.16,0.16,0.16,524
2024-10-03,0.16,0.16,0.16,0.16,524
2024-10-04,0.16,0.18,0.16,0.18,521
2024-10-05,0.18,0.18,0.18,0.18,521
2024-10-06,0.18,0.18,0.18,0.18,522
2024-10-07,0.18,0.18,0.179,0.179,524
2024-10-08,0.179,0.179,0.179,0.179,524
2024-10-09,0.179,0.179,0.179,0.179,525
2024-10-10,0.179,0.179,0.179,0.179,525
2024-10-11,0.179,0.179,0.178,0.178,525
2024-10-12,0.178,0.178,0.178,0.178,525
2024-10-13,0.178,0.178,0.178,0.178,524
2024-10-14,0.178,0.178,0.17,0.17,529
2024-10-15,0.17,0.17,0.17,0.17,530
2024-10-16,0.17,0.178,0.15,0.175,529
2024-10-17,0.175,0.175,0.175,0.175,549
2024-10-18,0.175,0.175,0.175,0.175,548
2024-10-19,0.175,0.175,0.175,0.175,547
2024-10-20,0.175,0.175,0.175,0.175,547
2024-10-21,0.175,0.175,0.175,0.175,542
2024-10-22,0.175,0.175,0.175,0.175,542
2024-10-23,0.175,0.175,0.175,0.175,523
2024-10-24,0.175,0.175,0.175,0.175,525
2024-10-25,0.175,0.175,0.175,0.175,524
2024-10-26,0.175,0.175,0.175,0.175,528
2024-10-27,0.175,0.175,0.155,0.155,534
2024-10-28,0.155,0.155,0.155,0.155,534
2024-10-29,0.155,0.155,0.12,0.155,529
2024-10-30,0.155,0.155,0.154,0.154,529
2024-10-31,0.154,0.154,0.154,0.154,529
2024-11-01,0.154,0.154,0.154,0.154,529
2024-11-02,0.154,0.154,0.154,0.154,529
2024-11-03,0.154,0.154,0.1524,0.1524,541
2024-11-04,0.1524,0.1524,0.1524,0.1524,541
2024-11-05,0.1524,0.1524,0.15,0.15,543
2024-11-06,0.15,0.15,0.1285,0.129,540
2024-11-07,0.129,0.129,0.129,0.129,538
2024-11-08,0.129,0.129,0.1,0.129,537
2024-11-09,0.129,0.129,0.124,0.124,537
2024-11-10,0.124,0.129,0.124,0.129,534
2024-11-11,0.129,0.129,0.127,0.127,537
2024-11-12,0.127,0.127,0.11,0.127,536
2024-11-13,0.127,0.127,0.127,0.127,542
2024-11-14,0.127,0.127,0.127,0.127,542
2024-11-15,0.127,0.127,0.125,0.125,542
2024-11-16,0.125,0.125,0.105,0.125,542
2024-11-17,0.125,0.125,0.124,0.124,543
2024-11-18,0.124,0.124,0.124,0.124,543
2024-11-19,0.124,0.124,0.12,0.12,544
2024-11-20,0.12,0.12,0.12,0.12,549
2024-11-21,0.12,0.12,0.12,0.12,548
2024-11-22,0.12,0.12,0.1188,0.1188,547
2024-11-23,0.1188,0.1188,0.11,0.11,546
2024-11-24,0.11,0.124,0.11,0.124,541
2024-11-25,0.124,0.124,0.124,0.124,537
2024-11-26,0.124,0.124,0.12,0.12,547
2024-11-27,0.12,0.12,0.12,0.12,547
2024-11-28,0.12,0.12,0.117,0.117,546
2024-11-29,0.117,0.117,0.117,0.117,546
2024-11-30,0.117,0.117,0.117,0.117,546
2024-12-01,0.117,0.117,0.117,0.117,548
2024-12-02,0.117,0.117,0.117,0.117,548
2024-12-03,0.117,0.117,0.117,0.117,547
2024-12-04,0.117,0.117,0.117,0.117,547
2024-12-05,0.117,0.117,0.1165,0.1165,552
2024-12-06,0.1165,0.1165,0.1165,0.1165,553
2024-12-07,0.1165,0.1165,0.1165,0.1165,552
2024-12-08,0.1165,0.1165,0.1165,0.1165,552
2024-12-09,0.1165,0.1165,0.1165,0.1165,552
2024-12-10,0.1165,0.1165,0.1165,0.1165,551
2024-12-11,0.1165,0.1165,0.115,0.115,552
2024-12-12,0.115,0.115,0.114,0.114,552
2024-12-13,0.114,0.114,0.114,0.114,552
2024-12-14,0.114,0.114,0.114,0.114,552
2024-12-15,0.114,0.114,0.114,0.114,552
2024-12-17,0.114,0.114,0.114,0.114,552
2024-12-18,0.114,0.114,0.114,0.114,552
2024-12-19,0.114,0.114,0.114,0.114,554
2024-12-20,0.114,0.114,0.114,0.114,554
2024-12-21,0.114,0.114,0.114,0.114,554
2024-12-22,0.114,0.114,0.114,0.114,554
2024-12-23,0.114,0.114,0.114,0.114,554
2024-12-24,0.114,0.114,0.114,0.114,553
2024-12-25,0.114,0.114,0.11,0.114,550
2024-12-26,0.114,0.114,0.114,0.114,550
2024-12-27,0.114,0.114,0.114,0.114,553
2024-12-28,0.114,0.114,0.1128,0.1128,552
2024-12-29,0.1128,0.1128,0.1128,0.1128,551
2024-12-30,0.1128,0.1128,0.1128,0.1128,550
2024-12-31,0.1128,0.1128,0.1128,0.1128,549
2025-01-01,0.1128,0.1128,0.1128,0.1128,549
2025-01-02,0.1128,0.1128,0.1128,0.1128,549
2025-01-03,0.1128,0.1128,0.1128,0.1128,549
2025-01-04,0.1128,0.1128,0.1128,0.1128,548
2025-01-05,0.1128,0.1128,0.1128,0.1128,548
2025-01-06,0.1128,0.1128,0.1128,0.1128,548
2025-01-07,0.1128,0.1128,0.11,0.1128,547
2025-01-08,0.1128,0.1128,0.1128,0.1128,547
2025-01-09,0.1128,0.1128,0.1128,0.1128,547
2025-01-10,0.1128,0.1128,0.1128,0.1128,547
2025-01-11,0.1128,0.1128,0.1128,0.1128,547
2025-01-12,0.1128,0.1128,0.1128,0.1128,548
2025-01-13,0.1128,0.1128,0.1128,0.1128,547
2025-01-14,0.1128,0.1128,0.1128,0.1128,545
2025-01-15,0.1128,0.1128,0.1128,0.1128,533
2025-01-16,0.1128,0.1128,0.1128,0.1128,532
2025-01-17,0.1128,0.1128,0.1128,0.1128,530
2025-01-18,0.1128,0.1128,0.1128,0.1128,529
2025-01-19,0.1128,0.1128,0.1128,0.1128,529
2025-01-20,0.1128,0.1128,0.1128,0.1128,530
2025-01-21,0.1128,0.1128,0.1128,0.1128,528
2025-01-22,0.1128,0.1128,0.1128,0.1128,526
2025-01-23,0.1128,0.1128,0.1128,0.1128,526
2025-01-24,0.1128,0.1128,0.1128,0.1128,525
2025-01-25,0.1128,0.1128,0.1128,0.1128,526
2025-01-26,0.1128,0.1128,0.1128,0.1128,524
2025-01-27,0.1128,0.1128,0.1128,0.1128,524
2025-01-28,0.1128,0.1128,0.1128,0.1128,526
2025-01-29,0.1128,0.1128,0.1128,0.1128,526
2025-01-30,0.1128,0.1128,0.109,0.109,528
2025-01-31,0.109,0.109,0.109,0.109,529
2025-02-01,0.109,0.109,0.109,0.109,529
2025-02-02,0.109,0.109,0.104,0.104,531
2025-02-03,0.104,0.104,0.104,0.104,527
2025-02-04,0.104,0.104,0.104,0.104,528
2025-02-05,0.104,0.104,0.104,0.104,528
2025-02-06,0.104,0.104,0.104,0.104,527
2025-02-07,0.104,0.109,0.104,0.109,519
2025-02-08,0.109,0.109,0.105,0.105,516
2025-02-09,0.105,0.105,0.105,0.105,516
2025-02-10,0.105,0.109,0.105,0.109,515
2025-02-11,0.109,0.109,0.109,0.109,515
2025-02-12,0.109,0.109,0.109,0.109,516
2025-02-13,0.109,0.109,0.109,0.109,516
2025-02-14,0.109,0.109,0.109,0.109,516
2025-02-15,0.109,0.109,0.109,0.109,516
2025-02-16,0.109,0.109,0.1084,0.1084,516
2025-02-17,0.1084,0.1084,0.1084,0.1084,516
2025-02-18,0.1084,0.1084,0.1084,0.1084,513
2025-02-19,0.1084,0.1084,0.1084,0.1084,512
2025-02-20,0.1084,0.109,0.1084,0.109,509
2025-02-21,0.109,0.109,0.109,0.109,509
2025-02-22,0.109,0.109,0.109,0.109,509
2025-02-23,0.109,0.109,0.109,0.109,509
2025-02-24,0.109,0.109,0.109,0.109,509
2025-02-25,0.109,0.109,0.109,0.109,509
2025-02-26,0.109,0.109,0.109,0.109,509
2025-02-27,0.109,0.109,0.109,0.109,509
2025-02-28,0.109,0.109,0.109,0.109,501
2025-03-01,0.109,0.109,0.109,0.109,501
2025-03-02,0.109,0.109,0.109,0.109,501
2025-03-03,0.109,0.109,0.109,0.109,501
2025-03-04,0.109,0.109,0.109,0.109,501
2025-03-05,0.109,0.109,0.109,0.109,501
2025-03-06,0.109,0.109,0.109,0.109,501
2025-03-07,0.109,0.109,0.109,0.109,501
2025-03-08,0.109,0.109,0.109,0.109,501
2025-03-09,0.109,0.109,0.109,0.109,501
2025-03-10,0.109,0.109,0.109,0.109,501
2025-03-11,0.109,0.109,0.109,0.109,501
2025-03-12,0.109,0.109,0.109,0.109,501
2025-03-13,0.109,0.109,0.109,0.109,506
2025-03-14,0.109,0.109,0.109,0.109,506
2025-03-15,0.109,0.109,0.109,0.109,507
2025-03-16,0.109,0.109,0.109,0.109,507
2025-03-17,0.109,0.109,0.1,0.1,521
2025-03-18,0.1,0.1,0.1,0.1,520
2025-03-19,0.1,0.1,0.1,0.1,520
2025-03-20,0.1,0.1,0.1,0.1,520
2025-03-21,0.1,0.1,0.1,0.1,520
2025-03-22,0.1,0.1,0.1,0.1,520
2025-03-23,0.1,0.1,0.1,0.1,509
2025-03-24,0.1,0.1,0.09,0.09,522
2025-03-25,0.09,0.09,0.09,0.09,523
2025-03-26,0.09,0.09,0.09,0.09,522
2025-03-27,0.09,0.09,0.09,0.09,522
2025-03-28,0.09,0.109,0.09,0.109,496
2025-03-29,0.109,0.109,0.109,0.109,530
2025-03-30,0.109,0.109,0.109,0.109,528
2025-03-31,0.109,0.109,0.109,0.109,528
2025-04-01,0.109,0.109,0.109,0.109,543
2025-04-02,0.109,0.109,0.109,0.109,540
2025-04-03,0.109,0.109,0.109,0.109,532
2025-04-04,0.109,0.109,0.109,0.109,532
2025-04-05,0.109,0.109,0.109,0.109,532
2025-04-06,0.109,0.109,0.107,0.109,531
2025-04-07,0.109,0.109,0.109,0.109,531
2025-04-08,0.109,0.109,0.109,0.109,531
2025-04-09,0.109,0.109,0.109,0.109,531
2025-04-10,0.109,0.109,0.109,0.109,531
2025-04-11,0.109,0.109,0.109,0.109,526
2025-04-12,0.109,0.109,0.109,0.109,526
2025-04-13,0.109,0.109,0.109,0.109,525
2025-04-14,0.109,0.109,0.109,0.109,525
2025-04-15,0.109,0.109,0.108,0.108,527
2025-04-16,0.108,0.108,0.108,0.108,527
2025-04-17,0.108,0.108,0.108,0.108,527
2025-04-18,0.108,0.109,0.09,0.09,531
2025-04-19,0.09,0.1,0.09,0.1,529
2025-04-20,0.1,0.1,0.1,0.1,529
2025-04-21,0.1,0.1,0.1,0.1,529
2025-04-22,0.1,0.1,0.1,0.1,530
2025-04-23,0.1,0.1,0.1,0.1,530
2025-04-24,0.1,0.1,0.1,0.1,530
2025-04-25,0.1,0.1,0.1,0.1,530
2025-04-26,0.1,0.1,0.09,0.09,539
2025-04-27,0.09,0.09,0.09,0.09,539
2025-04-28,0.09,0.09,0.09,0.09,541
2025-04-29,0.09,0.09,0.09,0.09,541
2025-04-30,0.09,0.09,0.09,0.09,543
2025-05-01,0.09,0.09,0.09,0.09,537
2025-05-02,0.09,0.09,0.09,0.09,537
2025-05-03,0.09,0.09,0.09,0.09,537
2025-05-04,0.09,0.09,0.09,0.09,540
2025-05-05,0.09,0.09,0.09,0.09,539
2025-05-06,0.09,0.09,0.09,0.09,539
2025-05-07,0.09,0.09,0.07,0.09,540
2025-05-08,0.09,0.09,0.09,0.09,540
2025-05-09,0.09,0.09,0.09,0.09,539
2025-05-10,0.09,0.09,0.087,0.087,540
2025-05-11,0.087,0.087,0.087,0.087,538
2025-05-12,0.087,0.087,0.087,0.087,546
2025-05-13,0.087,0.087,0.087,0.087,547
2025-05-14,0.087,0.087,0.087,0.087,547
2025-05-15,0.087,0.087,0.087,0.087,547
2025-05-17,0.087,0.087,0.087,0.087,548
2025-05-18,0.087,0.087,0.087,0.087,548
2025-05-20,0.087,0.087,0.087,0.087,547
2025-05-21,0.087,0.087,0.087,0.087,547
2025-05-22,0.087,0.087,0.087,0.087,549
2025-05-23,0.087,0.087,0.087,0.087,550
2025-05-24,0.087,0.087,0.087,0.087,550
2025-05-25,0.087,0.087,0.087,0.087,550
2025-05-28,0.087,0.087,0.087,0.087,551
2025-06-04,0.087,0.087,0.087,0.087,556
2025-06-05,0.087,0.087,0.087,0.087,556
2025-06-10,0.087,0.087,0.08,0.08,557
2025-06-11,0.08,0.08,0.08,0.08,557
2025-06-17,0.08,0.08,0.08,0.08,557
2025-06-18,0.08,0.08,0.08,0.08,557
2025-06-19,0.08,0.08,0.08,0.08,557
2025-06-23,0.08,0.096,0.08,0.096,529
2025-06-24,0.096,0.096,0.088,0.096,529
2025-06-25,0.096,0.096,0.096,0.096,529
2025-06-26,0.096,0.096,0.088,0.088,535
2025-06-27,0.088,0.088,0.088,0.088,536
2025-06-28,0.088,0.088,0.088,0.088,537
2025-06-29,0.088,0.088,0.088,0.088,535
2025-06-30,0.088,0.088,0.088,0.088,540
2025-07-01,0.088,0.088,0.088,0.088,540
2025-07-02,0.088,0.088,0.07,0.088,549
2025-07-03,0.088,0.088,0.087,0.087,549
2025-07-04,0.087,0.087,0.087,0.087,550
2025-07-05,0.087,0.087,0.087,0.087,550
2025-07-06,0.087,0.088,0.087,0.088,550
2025-07-07,0.088,0.088,0.088,0.088,550
2025-07-08,0.088,0.088,0.088,0.088,550
2025-07-09,0.088,0.088,0.088,0.088,550
2025-07-10,0.088,0.091,0.0878,0.0878,551
2025-07-11,0.0878,0.0878,0.0878,0.0878,546
2025-07-12,0.0878,0.0878,0.0878,0.0878,546
2025-07-13,0.0878,0.0878,0.0878,0.0878,546
2025-07-14,0.0878,0.0878,0.0878,0.0878,548
2025-07-15,0.0878,0.0878,0.0878,0.0878,547
2025-07-16,0.0878,0.0878,0.07,0.07,547
2025-07-17,0.07,0.0847,0.07,0.0847,547
2025-07-18,0.0847,0.0847,0.0847,0.0847,549
2025-07-19,0.0847,0.0847,0.0847,0.0847,549
2025-07-20,0.0847,0.0847,0.0847,0.0847,549
2025-07-21,0.0847,0.0847,0.0847,0.0847,549
2025-07-22,0.0847,0.0847,0.0847,0.0847,549
2025-07-23,0.0847,0.0847,0.0847,0.0847,550
2025-07-24,0.0847,0.0847,0.0847,0.0847,550
2025-07-25,0.0847,0.0847,0.0847,0.0847,548
2025-07-26,0.0847,0.0847,0.0847,0.0847,548
2025-07-27,0.0847,0.0847,0.0847,0.0847,551
2025-07-28,0.0847,0.0847,0.0847,0.0847,551
2025-07-29,0.0847,0.0847,0.0847,0.0847,551
2025-07-30,0.0847,0.0847,0.0847,0.0847,551
2025-07-31,0.0847,0.0847,0.0847,0.0847,551
2025-08-01,0.0847,0.0847,0.0847,0.0847,551
2025-08-02,0.0847,0.0847,0.0847,0.0847,551
2025-08-03,0.0847,0.0847,0.0847,0.0847,551
2025-08-04,0.0847,0.0847,0.0787,0.0816,552
2025-08-05,0.0816,0.0816,0.0816,0.0816,552
2025-08-06,0.0816,0.0816,0.0816,0.0816,552
2025-08-07,0.0816,0.0816,0.0816,0.0816,552
2025-08-08,0.0816,0.0816,0.065,0.0787,552
2025-08-09,0.0787,0.0787,0.0787,0.0787,552
2025-08-10,0.0787,0.0787,0.0787,0.0787,552
2025-08-11,0.0787,0.0787,0.0706,0.0759,551
2025-08-12,0.0759,0.0759,0.0759,0.0759,552
2025-08-13,0.0759,0.0759,0.0547,0.0547,562
2025-08-14,0.0547,0.0589,0.0547,0.0589,560
2025-08-15,0.0589,0.0659,0.0589,0.0659,556
2025-08-16,0.0659,0.0659,0.0659,0.0659,556
2025-08-17,0.0659,0.0659,0.0659,0.0659,556
2025-08-18,0.0659,0.0659,0.0659,0.0659,556
2025-08-19,0.0659,0.0659,0.0659,0.0659,556
2025-08-20,0.0659,0.0878,0.0659,0.0878,547
2025-08-21,0.0878,0.0878,0.0878,0.0878,547
2025-08-22,0.0878,0.0878,0.0878,0.0878,547
2025-08-23,0.0878,0.0878,0.0878,0.0878,547
2025-08-24,0.0878,0.0878,0.0878,0.0878,547
2025-08-25,0.0878,0.0878,0.0878,0.0878,547
2025-08-26,0.0878,0.0878,0.0878,0.0878,547
2025-08-27,0.0878,0.0878,0.0878,0.0878,546
2025-08-28,0.0878,0.0878,0.0878,0.0878,546
2025-08-29,0.0878,0.0878,0.0816,0.0816,548
2025-08-30,0.0816,0.0816,0.0816,0.0816,548
2025-08-31,0.0816,0.0816,0.07,0.07,552
2025-09-01,0.07,0.07,0.07,0.07,551
2025-09-02,0.07,0.07,0.07,0.07,551
2025-09-03,0.07,0.07,0.07,0.07,551
2025-09-04,0.07,0.07,0.07,0.07,549
2025-09-05,0.07,0.07,0.07,0.07,549
2025-09-06,0.07,0.07,0.07,0.07,549
2025-09-07,0.07,0.07,0.07,0.07,549
2025-09-08,0.07,0.07,0.07,0.07,557
2025-09-09,0.07,0.07,0.07,0.07,557
2025-09-10,0.07,0.07,0.07,0.07,557
2025-09-11,0.07,0.07,0.07,0.07,558
2025-09-12,0.07,0.07,0.07,0.07,573
2025-09-13,0.07,0.07,0.07,0.07,601
2025-09-14,0.07,0.07,0.07,0.07,601
2025-09-15,0.07,0.07,0.07,0.07,593
2025-09-16,0.07,0.07,0.07,0.07,592
2025-09-17,0.07,0.07,0.07,0.07,592
2025-09-18,0.07,0.07,0.065,0.065,592
2025-09-19,0.065,0.065,0.065,0.065,590
2025-09-20,0.065,0.065,0.065,0.065,589
2025-09-21,0.065,0.065,0.06,0.06,598
2025-09-22,0.06,0.06,0.0595,0.0595,597
2025-09-23,0.0595,0.0595,0.0595,0.0595,592
2025-09-24,0.0595,0.0595,0.0595,0.0595,592
2025-09-25,0.0595,0.0595,0.0595,0.0595,592
2025-09-26,0.0595,0.0595,0.0595,0.0595,592
2025-09-27,0.0595,0.0595,0.0595,0.0595,592
2025-09-28,0.0595,0.0595,0.0595,0.0595,592
2025-09-29,0.0595,0.0595,0.0595,0.0595,592
2025-09-30,0.0595,0.0595,0.0595,0.0595,589
2025-10-01,0.0595,0.0595,0.0595,0.0595,589
2025-10-02,0.0595,0.0595,0.0595,0.0595,589
2025-10-03,0.0595,0.0595,0.0595,0.0595,589
2025-10-04,0.0595,0.0595,0.058,0.058,589
2025-10-05,0.058,0.058,0.058,0.058,590
2025-10-06,0.058,0.058,0.058,0.058,590
2025-10-07,0.058,0.058,0.058,0.058,590
2025-10-08,0.058,0.058,0.058,0.058,590
2025-10-09,0.058,0.058,0.057,0.057,590
2025-10-10,0.057,0.057,0.057,0.057,593
2025-10-11,0.057,0.057,0.05,0.05,602
2025-10-12,0.05,0.05,0.05,0.05,602
2025-10-13,0.05,0.05,0.05,0.05,602
2025-10-14,0.05,0.05,0.05,0.05,602
2025-10-15,0.05,0.05,0.04,0.04,613
2025-10-16,0.04,0.041,0.04,0.041,615
2025-10-17,0.041,0.041,0.04,0.04,612
2025-10-18,0.04,0.04,0.04,0.04,612
2025-10-19,0.04,0.04,0.04,0.04,610
2025-10-20,0.04,0.04,0.04,0.04,607
2025-10-21,0.04,0.04,0.04,0.04,606
2025-10-22,0.04,0.04,0.04,0.04,606
2025-10-23,0.04,0.04,0.04,0.04,606
2025-10-24,0.04,0.04,0.04,0.04,606
2025-10-25,0.04,0.04,0.04,0.04,605
2025-10-26,0.04,0.04,0.04,0.04,598
2025-10-27,0.04,0.04,0.04,0.04,598
2025-10-28,0.04,0.04,0.04,0.04,598
2025-10-29,0.04,0.04,0.04,0.04,598
2025-10-30,0.04,0.04,0.04,0.04,598
2025-10-31,0.04,0.04,0.04,0.04,598
2025-11-01,0.04,0.04,0.04,0.04,597
2025-11-02,0.04,0.04,0.04,0.04,597
2025-11-03,0.04,0.04,0.04,0.04,597
2025-11-04,0.04,0.04,0.04,0.04,597
2025-11-05,0.04,0.04,0.04,0.04,597
2025-11-06,0.04,0.04,0.04,0.04,597
2025-11-07,0.04,0.04,0.04,0.04,597
2025-11-08,0.04,0.04,0.04,0.04,597
2025-11-09,0.04,0.04,0.04,0.04,596
2025-11-10,0.04,0.04,0.04,0.04,596
2025-11-11,0.04,0.04,0.04,0.04,596
2025-11-12,0.04,0.04,0.04,0.04,596
2025-11-13,0.04,0.04,0.04,0.04,596
2025-11-14,0.04,0.04,0.04,0.04,596
2025-11-15,0.04,0.04,0.04,0.04,596
2025-11-16,0.04,0.04,0.04,0.04,596
2025-11-17,0.04,0.04,0.04,0.04,596
2025-11-18,0.04,0.04,0.04,0.04,595
2025-11-19,0.04,0.04,0.04,0.04,595
2025-11-20,0.04,0.04,0.04,0.04,595
2025-11-21,0.04,0.04,0.04,0.04,595
2025-11-22,0.04,0.04,0.04,0.04,595
2025-11-23,0.04,0.04,0.04,0.04,595
2025-11-24,0.04,0.04,0.038,0.038,596
2025-11-25,0.038,0.038,0.038,0.038,596
2025-11-26,0.038,0.061,0.0289,0.035,709
2025-11-27,0.035,0.038,0.035,0.038,709
2025-11-28,0.038,0.038,0.0365,0.037,602
2025-11-29,0.037,0.038,0.037,0.038,601
2025-11-30,0.038,0.038,0.038,0.038,601
2025-12-01,0.038,0.038,0.038,0.038,601
2025-12-02,0.038,0.038,0.038,0.038,601
2025-12-03,0.038,0.0568,0.038,0.038,601
2025-12-04,0.038,0.038,0.038,0.038,601
2025-12-05,0.038,0.038,0.038,0.038,602
2025-12-06,0.038,0.038,0.038,0.038,602
2025-12-07,0.038,0.038,0.038,0.038,602
2025-12-08,0.038,0.038,0.038,0.038,602
2025-12-09,0.038,0.038,0.038,0.038,602
2025-12-10,0.038,0.038,0.038,0.038,602
2025-12-11,0.038,0.038,0.038,0.038,602
2025-12-12,0.038,0.038,0.038,0.038,602
2025-12-13,0.038,0.038,0.038,0.038,601
2025-12-14,0.038,0.038,0.038,0.038,605
2025-12-15,0.038,0.038,0.038,0.038,606
2025-12-16,0.038,0.038,0.038,0.038,605
2025-12-17,0.038,0.038,0.038,0.038,606
2025-12-18,0.038,0.038,0.03,0.038,603
2025-12-19,0.038,0.038,0.038,0.038,600
2025-12-20,0.038,0.038,0.038,0.038,600
2025-12-21,0.038,0.038,0.038,0.038,599
2025-12-22,0.038,0.038,0.038,0.038,598
2025-12-23,0.038,0.038,0.038,0.038,598
2025-12-24,0.038,0.038,0.038,0.038,599
2025-12-25,0.038,0.038,0.038,0.038,599
2025-12-26,0.038,0.038,0.038,0.038,599
2025-12-27,0.038,0.038,0.038,0.038,599
2025-12-28,0.038,0.038,0.038,0.038,599
2025-12-29,0.038,0.038,0.038,0.038,599
2025-12-30,0.038,0.038,0.038,0.038,599
2025-12-31,0.038,0.038,0.038,0.038,599
2026-01-01,0.038,0.038,0.038,0.038,599
2026-01-02,0.038,0.038,0.038,0.038,598
2026-01-03,0.038,0.038,0.038,0.038,599
2026-01-04,0.038,0.038,0.038,0.038,600
2026-01-05,0.038,0.038,0.038,0.038,600
2026-01-06,0.038,0.038,0.038,0.038,600
2026-01-07,0.038,0.038,0.038,0.038,600
2026-01-08,0.038,0.038,0.038,0.038,600
2026-01-09,0.038,0.038,0.038,0.038,599
2026-01-10,0.038,0.04,0.038,0.04,596
2026-01-11,0.04,0.04,0.04,0.04,596
2026-01-12,0.04,0.04,0.04,0.04,597
2026-01-13,0.04,0.0473,0.04,0.0473,593
2026-01-14,0.0473,0.0473,0.0473,0.0473,593
2026-01-15,0.0473,0.0473,0.0473,0.0473,593
2026-01-16,0.0473,0.0547,0.0473,0.0547,588
2026-01-17,0.0547,0.0547,0.0547,0.0547,589
2026-01-18,0.0547,0.0547,0.0547,0.0547,587
2026-01-19,0.0547,0.0547,0.0547,0.0547,589
2026-01-20,0.0547,0.0547,0.0547,0.0547,589
2026-01-21,0.0547,0.0547,0.0547,0.0547,589
2026-01-22,0.0547,0.0547,0.0547,0.0547,589
2026-01-23,0.0547,0.0547,0.0547,0.0547,589
2026-01-24,0.0547,0.0547,0.0547,0.0547,589
2026-01-25,0.0547,0.0547,0.0547,0.0547,589
2026-01-26,0.0547,0.0547,0.0547,0.0547,589
2026-01-27,0.0547,0.0547,0.0547,0.0547,588
2026-01-28,0.0547,0.0547,0.0547,0.0547,588
2026-01-29,0.0547,0.0547,0.0547,0.0547,588
2026-01-30,0.0547,0.0547,0.0547,0.0547,589
2026-01-31,0.0547,0.0547,0.0547,0.0547,592
2026-02-01,0.0547,0.0547,0.0547,0.0547,592
2026-02-02,0.0547,0.0547,0.04,0.04,586
2026-02-03,0.04,0.04,0.04,0.04,586
2026-02-04,0.04,0.04,0.04,0.04,587
2026-02-05,0.04,0.0528,0.04,0.0528,581
2026-02-06,0.0528,0.0528,0.0528,0.0528,575
2026-02-07,0.0528,0.0528,0.0528,0.0528,575
2026-02-08,0.0528,0.0528,0.0528,0.0528,574
2026-02-09,0.0528,0.0528,0.0528,0.0528,574
2026-02-10,0.0528,0.0528,0.0528,0.0528,575
2026-02-11,0.0528,0.0528,0.0528,0.0528,575
2026-02-12,0.0528,0.0528,0.0528,0.0528,575
2026-02-13,0.0528,0.0528,0.0528,0.0528,575
2026-02-14,0.0528,0.0528,0.0528,0.0528,573
2026-02-15,0.0528,0.06,0.0528,0.06,565
2026-02-16,0.06,0.06,0.06,0.06,566
2026-02-17,0.06,0.06,0.06,0.06,566
2026-02-18,0.06,0.06,0.06,0.06,566
2026-02-19,0.06,0.0633,0.06,0.0633,556
2026-02-20,0.0633,0.0633,0.0633,0.0633,556
2026-02-21,0.0633,0.0633,0.0633,0.0633,556
2026-02-22,0.0633,0.0633,0.0633,0.0633,556
2026-02-23,0.0633,0.0633,0.0633,0.0633,556
2026-02-24,0.0633,0.0633,0.0633,0.0633,556
2026-02-25,0.0633,0.0633,0.0633,0.0633,556
2026-02-26,0.0633,0.0633,0.0633,0.0633,556
2026-02-27,0.0633,0.0633,0.0633,0.0633,556
2026-02-28,0.0633,0.0633,0.0633,0.0633,556
2026-03-01,0.0633,0.0633,0.0633,0.0633,556
2026-03-02,0.0633,0.0633,0.0633,0.0633,555
2026-03-03,0.0633,0.0633,0.0633,0.0633,555
2026-03-04,0.0633,0.0633,0.0633,0.0633,556
2026-03-05,0.0633,0.0633,0.0633,0.0633,556
2026-03-06,0.0633,0.0633,0.0633,0.0633,556
2026-03-07,0.0633,0.0633,0.0633,0.0633,555
2026-03-08,0.0633,0.0633,0.0633,0.0633,555
2026-03-09,0.0633,0.0633,0.0633,0.0633,556
2026-03-10,0.0633,0.0633,0.06,0.06,556
2026-03-11,0.06,0.06,0.06,0.06,556
2026-03-12,0.06,0.06,0.06,0.06,556
2026-03-13,0.06,0.06,0.06,0.06,556
2026-03-14,0.06,0.06,0.06,0.06,556
2026-03-15,0.06,0.06,0.06,0.06,555
2026-03-16,0.06,0.06,0.06,0.06,554
2026-03-17,0.06,0.06,0.06,0.06,554
2026-03-18,0.06,0.06,0.06,0.06,555
2026-03-19,0.06,0.06,0.06,0.06,555
2026-03-20,0.06,0.06,0.06,0.06,554
2026-03-21,0.06,0.06,0.06,0.06,554
2026-03-22,0.06,0.06,0.06,0.06,554
2026-03-23,0.06,0.06,0.06,0.06,554
2026-03-24,0.06,0.06,0.06,0.06,554
2026-03-25,0.06,0.06,0.06,0.06,553
2026-03-26,0.06,0.06,0.06,0.06,553
2026-03-27,0.06,0.06,0.06,0.06,553
2026-03-28,0.06,0.06,0.06,0.06,552
2026-03-29,0.06,0.06,0.06,0.06,552
2026-03-30,0.06,0.06,0.036,0.06,552
2026-03-31,0.06,0.06,0.06,0.06,552
2026-04-01,0.06,0.06,0.06,0.06,549
2026-04-02,0.06,0.06,0.06,0.06,548
2026-04-03,0.06,0.06,0.06,0.06,548
2026-04-04,0.06,0.06,0.06,0.06,549
2026-04-05,0.06,0.06,0.06,0.06,549
2026-04-06,0.06,0.06,0.06,0.06,549
2026-04-07,0.06,0.06,0.06,0.06,549
2026-04-08,0.06,0.06,0.06,0.06,549
2026-04-09,0.06,0.06,0.06,0.06,546
2026-04-10,0.06,0.06,0.06,0.06,546
2026-04-11,0.06,0.06,0.06,0.06,546
2026-04-12,0.06,0.06,0.06,0.06,546
2026-04-13,0.06,0.06,0.06,0.06,546
2026-04-14,0.06,0.06,0.06,0.06,546
2026-04-15,0.06,0.06,0.06,0.06,546
2026-04-16,0.06,0.06,0.06,0.06,546
2026-04-17,0.06,0.06,0.06,0.06,546
2026-04-18,0.06,0.06,0.06,0.06,542
2026-04-19,0.06,0.06,0.06,0.06,542
2026-04-20,0.06,0.06,0.06,0.06,542
2026-04-21,0.06,0.06,0.06,0.06,542
2026-04-22,0.06,0.06,0.06,0.06,542
2026-04-23,0.06,0.06,0.06,0.06,542
2026-04-24,0.06,0.06,0.06,0.06,500
2026-04-25,0.06,0.0681,0.06,0.0681,498
2026-04-26,0.0681,0.0681,0.0681,0.0681,498
2026-04-27,0.0681,0.0681,0.0681,0.0681,498
2026-04-28,0.0681,0.0681,0.0681,0.0681,498
2026-04-29,0.0681,0.0681,0.0681,0.0681,498
2026-04-30,0.0681,0.0681,0.0681,0.0681,498
2026-05-01,0.0681,0.0681,0.0681,0.0681,498
2026-05-02,0.0681,0.0681,0.0681,0.0681,498
2026-05-03,0.0681,0.0681,0.0681,0.0681,498
2026-05-04,0.0681,0.0681,0.0681,0.0681,498
2026-05-05,0.0681,0.0681,0.0681,0.0681,498
2026-05-06,0.0681,0.0681,0.0681,0.0681,498
2026-05-07,0.0681,0.0681,0.0681,0.0681,498
2026-05-08,0.0681,0.0681,0.0681,0.0681,498
2026-05-09,0.0681,0.0681,0.0681,0.0681,498
2026-05-10,0.0681,0.0681,0.0681,0.0681,498
2026-05-11,0.0681,0.0681,0.0681,0.0681,498
2026-05-12,0.0681,0.0681,0.0681,0.0681,498
2026-05-13,0.0681,0.0681,0.04,0.0681,498
2026-05-14,0.0681,0.0681,0.0681,0.0681,498
2026-05-15,0.0681,0.0681,0.05,0.05,499
2026-05-16,0.05,0.05,0.05,0.05,497
2026-05-17,0.05,0.0681,0.05,0.0681,496
2026-05-18,0.0681,0.0681,0.0681,0.0681,496
2026-05-19,0.0681,0.0681,0.0681,0.0681,496
2026-05-20,0.0681,0.0681,0.0681,0.0681,496
2026-05-21,0.0681,0.0681,0.0681,0.0681,471
2026-05-22,0.0681,0.0681,0.0681,0.0681,471
2026-05-23,0.0681,0.0681,0.0681,0.0681,472
2026-05-24,0.0681,0.0681,0.0681,0.0681,450
2026-05-25,0.0681,0.0681,0.0681,0.0681,450
2026-05-26,0.0681,0.0681,0.0681,0.0681,450
2026-05-27,0.0681,0.0681,0.0681,0.0681,450
2026-05-28,0.0681,0.0681,0.0681,0.0681,450
2026-05-29,0.0681,0.0681,0.0681,0.0681,450
2026-05-30,0.0681,0.0681,0.0681,0.0681,453
2026-05-31,0.0681,0.0681,0.0681,0.0681,453
2026-06-01,0.0681,0.0681,0.0681,0.0681,453
2026-06-02,0.0681,0.0681,0.0681,0.0681,453
2026-06-03,0.0681,0.0681,0.0681,0.0681,453
2026-06-04,0.0681,0.0681,0.067,0.067,458
2026-06-05,0.067,0.067,0.067,0.067,455
2026-06-06,0.067,0.067,0.067,0.067,455
2026-06-07,0.067,0.067,0.067,0.067,455
2026-06-08,0.067,0.067,0.067,0.067,455
2026-06-09,0.067,0.067,0.067,0.067,455
2026-06-10,0.067,0.0706,0.067,0.0706,446
2026-06-11,0.0706,0.073,0.0706,0.073,445
2026-06-12,0.073,0.073,0.073,0.073,445
2026-06-13,0.073,0.073,0.073,0.073,443
2026-06-14,0.073,0.073,0.073,0.073,443
2026-06-15,0.073,0.073,0.073,0.073,443
2026-06-16,0.073,0.073,0.073,0.073,443
2026-06-17,0.073,0.073,0.073,0.073,443
2026-06-18,0.073,0.073,0.06,0.06,445
2026-06-19,0.06,0.06,0.06,0.06,443
2026-06-20,0.06,0.06,0.06,0.06,443
2026-06-21,0.06,0.06,0.06,0.06,443
2026-06-22,0.06,0.06,0.06,0.06,442
2026-06-23,0.06,0.06,0.06,0.06,442
2026-06-24,0.06,0.06,0.06,0.06,442
2026-06-25,0.06,0.06,0.06,0.06,442
2026-06-26,0.06,0.06,0.06,0.06,443
2026-06-27,0.06,0.06,0.06,0.06,443
2026-06-28,0.06,0.06,0.06,0.06,443
2026-06-29,0.06,0.06,0.06,0.06,443
2026-06-30,0.06,0.06,0.06,0.06,443
2026-07-01,0.06,0.06,0.06,0.06,443
2026-07-02,0.06,0.06,0.06,0.06,443
2026-07-03,0.06,0.06,0.06,0.06,443
2026-07-04,0.06,0.06,0.06,0.06,443
2026-07-05,0.06,0.06,0.06,0.06,443
2026-07-06,0.06,0.06,0.06,0.06,443
2026-07-07,0.06,0.06,0.06,0.06,443
2026-07-08,0.06,0.06,0.06,0.06,443
2026-07-09,0.06,0.06,0.06,0.06,443
2026-07-10,0.06,0.06,0.06,0.06,443
2026-07-11,0.06,0.06,0.06,0.06,443
2026-07-12,0.06,0.06,0.06,0.06,443
2026-07-13,0.06,0.06,0.06,0.06,443
2026-07-14,0.06,0.06,0.06,0.06,443
2026-07-15,0.06,0.06,0.06,0.06,443
2026-07-16,0.06,0.06,0.06,0.06,443
2026-07-17,0.06,0.06,0.06,0.06,443
2026-07-18,0.06,0.0732,0.06,0.0732,441
2026-07-19,0.0732,0.0732,0.0732,0.0732,442
2026-07-20,0.0732,0.0732,0.0732,0.0732,442
2026-07-21,0.0732,0.0732,0.0732,0.0732,442
2026-07-22,0.0732,0.0732,0.05,0.06,447
2026-07-23,0.06,0.0732,0.06,0.06,446
2026-07-24,0.06,0.06,0.06,0.06,446
2026-07-25,0.06,0.06,0.06,0.06,446
2026-07-26,0.06,0.06,0.054,0.054,446
2026-07-27,0.054,0.054,0.05,0.05,447
2026-07-28,0.05,0.05,0.05,0.05,447
2026-07-29,0.05,0.05,0.05,0.05,447
2026-07-30,0.05,0.0732,0.05,0.0732,447
2026-07-31,0.0732,0.0732,0.0732,0.0732,447
2026-08-01,0.0732,0.0732,0.0732,0.0732,447
2026-08-02,0.0732,0.0732,0.0732,0.0732,447
2026-08-03,0.0732,0.0732,0.0732,0.0732,447
2026-08-04,0.0732,0.0732,0.0732,0.0732,447
2026-08-05,0.0732,0.0732,0.0732,0.0732,447
2026-08-06,0.0732,0.0732,0.0732,0.0732,447
2026-08-07,0.0732,0.0732,0.0732,0.0732,447
2026-08-08,0.0732,0.0732,0.0732,0.0732,447
2026-08-09,0.0732,0.0732,0.0732,0.0732,447
2026-08-10,0.0732,0.0732,0.0732,0.0732,447
2026-08-11,0.0732,0.0788,0.0732,0.0788,434
2026-08-12,0.0788,0.0788,0.0788,0.0788,434
2026-08-13,0.0788,0.0788,0.0788,0.0788,434
2026-08-14,0.0788,0.0788,0.0788,0.0788,434
2026-08-15,0.0788,0.0788,0.0788,0.0788,434
2026-08-16,0.0788,0.0788,0.0788,0.0788,434
2026-08-17,0.0788,0.0788,0.0788,0.0788,434
2026-08-18,0.0788,0.0788,0.0788,0.0788,434
